registro_id,data_matricula,data_cancelamento,idade,plano,frequencia_semanal,tempo_permanencia_meses,horario_entrada,dia_semana,tempo_treino_min,equipamento,uso_equipamento_min,capacidade_max,status_aluno,observacao
LIFT-00000,2025-05-09,09-20-2024,66,mensal,1,8,10,sábado,56,leg_press,10,100,procesado,
LIFT-00001,2024-08-22,,17,mensal,4,1,8,quinta,60,halteres,28,100,cancelado,
LIFT-00002,2025-05-15,,25,mensal,5,1,12,terça,48,halteres,11,100,,
LIFT-00003,2024-10-25,2024-03-12,18,mensal,0,1,7,terça,70,esteira,23,100,,
LIFT-00004,2025-05-12,,52,mensal,0,6,22,quinta,44,bike,31,100,,
LIFT-00005,2024-10-30,2024-03-13,49,mensal,1,2,19,quinta,46,halteres,39,100,procesado,
LIFT-00006,2024-02-28,2024-02-23,46,mensal,0,9,21,sexta,72,NA,11,100,,
LIFT-00007,data_invalida,,70,mensal,0,14,18,quarta,39,esteira,44,100,cancelado,
LIFT-00008,2024-01-11,2024-12-19,66,mensal,4,3,16,quarta,81,bike,18,100,,
LIFT-00009,05-14-2025,2025-03-26,69,mensal,6,2,11,quarta,66,NA,27,100,,
LIFT-00010,2024-12-12,2024-01-21,64,mensal,20,4,22,terça,76,bike,5,100,cancelado,OUTLIER frequencia
LIFT-00011,25/01/2025,03-23-2024,26,mensal,5,7,19,quarta,95,,20,100,cancelado,
LIFT-00012,2024-12-26,,34,mensal,0,6,5,quinta,73,bike,32,100,cancelado,
LIFT-00013,2024-06-06,2024-06-03,57,mensal,0,9,5,sexta,54,supino,5,100,procesado,
LIFT-00014,2024-05-12,,40,mensal,3,4,10,domingo,40,bike,21,100,ativo,
LIFT-00015,2024-12-21,,52,mensal,4,1,16,domingo,68,esteira,19,100,,
LIFT-00016,2024-05-06,,46,mensal,1,3,11,segunda,88,supino,6,100,,
LIFT-00017,26/12/2024,,25,anual,3,1,11,quinta,65,leg_press,20,100,,
LIFT-00018,2024-08-23,,53,mensal,1,4,6,terça,72,,36,100,ativo,
LIFT-00019,2025-02-14,,16,mensal,2,11,23,sábado,68,leg_press,55,100,procesado,
LIFT-00020,2025-03-13,2025-05-06,69,mensal,5,3,10,quarta,30,supino,5,100,cancelado,
LIFT-00021,2024-02-03,2024-06-01,19,anual,1,3,5,quarta,40,leg_press,21,100,,
LIFT-00022,2024-06-29,2024-02-24,58,mensal,0,6,20,terça,57,crossfit,23,100,cancelado,
LIFT-00023,2025-03-11,,30,mensal,0,4,12,quarta,22,esteira,31,100,ativo,
LIFT-00024,17/02/2025,2024-01-16,29,anual,2,10,18,quinta,44,bike,10,100,procesado,
LIFT-00025,2024-01-26,,70,mensal,1,2,22,sexta,300,halteres,40,100,,OUTLIER treino longo
LIFT-00026,01-15-2024,2025-04-23,42,anual,2,8,18,sexta,52,halteres,9,100,cancelado,
LIFT-00027,2025-03-02,2024-05-04,35,mensal,5,1,9,quinta,76,esteira,35,100,ativo,
LIFT-00028,2024-06-16,03/02/2024,50,anual,2,1,10,segunda,51,crossfit,8,100,,
LIFT-00029,04-22-2025,,22,mensal,1,9,19,quarta,44,bike,30,100,cancelado,
LIFT-00030,2024-01-30,2024-03-21,62,mensal,0,5,18,sexta,95,bike,7,100,,
LIFT-00031,2024-06-30,,38,mensal,0,7,17,segunda,68,,15,100,,
LIFT-00032,2025-01-04,2024-06-21,47,mensal,7,5,8,domingo,65,bike,7,100,procesado,
LIFT-00033,2024-10-08,2025-01-10,46,mensal,4,3,14,sábado,40,bike,8,100,procesado,
LIFT-00034,2025-03-11,,49,mensal,2,8,20,domingo,35,NA,23,100,procesado,
LIFT-00035,data_invalida,,49,anual,0,1,6,quarta,75,bike,5,100,cancelado,
LIFT-00036,2024-07-08,,67,mensal,2,3,22,sábado,43,NA,10,100,ativo,
LIFT-00037,2024-07-08,data_invalida,67,mensal,4,6,18,quarta,91,supino,24,100,ativo,
LIFT-00038,data_invalida,,59,anual,1,4,22,terça,27,NA,33,100,ativo,
LIFT-00039,2024-02-24,2025-02-07,16,mensal,7,7,14,domingo,76,supino,32,100,,
LIFT-00040,data_invalida,,57,mensal,4,1,23,domingo,57,NA,0,100,cancelado,OUTLIER uso zero
LIFT-00041,2025-02-14,09-20-2024,18,mensal,4,8,7,segunda,53,,14,100,ativo,
LIFT-00042,2024-01-21,,64,mensal,5,4,17,domingo,47,esteira,52,100,ativo,
LIFT-00043,20/11/2024,,27,anual,0,16,20,segunda,97,halteres,35,100,cancelado,
LIFT-00044,2024-05-27,2024-03-24,39,mensal,1,14,9,segunda,54,bike,17,100,procesado,
LIFT-00045,2024-07-13,,41,mensal,5,11,9,quarta,58,esteira,5,100,cancelado,
LIFT-00046,07-13-2024,,58,mensal,0,10,5,sexta,56,,31,100,,
LIFT-00047,2024-10-10,,21,mensal,1,5,21,sábado,58,leg_press,26,100,ativo,
LIFT-00048,2024-05-04,2024-08-27,59,anual,1,5,16,terça,28,esteira,31,100,,
LIFT-00049,15/12/2024,,21,mensal,3,1,13,segunda,89,,7,100,cancelado,
LIFT-00050,2025-04-13,,60,mensal,0,9,15,sexta,46,leg_press,5,100,ativo,
LIFT-00051,data_invalida,2024-11-11,,anual,6,17,11,sábado,33,esteira,5,100,procesado,
LIFT-00052,22/06/2024,,16,mensal,2,11,14,terça,58,esteira,12,100,cancelado,
LIFT-00053,2024-08-14,,34,mensal,2,1,11,quarta,64,NA,18,100,ativo,
LIFT-00054,2024-02-18,2025-04-01,47,mensal,3,9,21,sexta,57,supino,6,100,ativo,
LIFT-00055,2024-03-08,,61,mensal,1,60,11,quinta,96,NA,5,100,procesado,OUTLIER permanencia alta
LIFT-00056,2024-03-28,,23,anual,3,3,10,segunda,43,supino,15,100,,
LIFT-00057,2024-04-01,2024-01-11,61,anual,1,5,12,quarta,37,,5,100,ativo,
LIFT-00058,2024-02-07,2024-11-18,56,mensal,0,9,22,terça,68,NA,5,100,cancelado,
LIFT-00059,2025-03-07,2025-05-02,38,anual,2,4,15,quinta,50,halteres,17,100,,
LIFT-00060,2024-06-27,,29,mensal,7,6,11,domingo,78,esteira,34,100,,
LIFT-00061,2024-12-17,,63,mensal,3,9,7,quarta,63,bike,14,100,cancelado,
LIFT-00062,06-10-2024,12-11-2024,68,anual,1,5,16,sábado,85,crossfit,5,100,cancelado,
LIFT-00063,02/09/2024,,40,mensal,6,1,22,sexta,52,bike,5,100,ativo,
LIFT-00064,05-15-2025,,,mensal,6,4,5,quarta,99,bike,12,100,procesado,
LIFT-00065,data_invalida,2024-09-27,39,mensal,3,3,5,segunda,82,crossfit,5,100,ativo,
LIFT-00066,2025-04-27,2024-08-31,16,mensal,2,3,17,sábado,70,crossfit,30,100,procesado,
LIFT-00067,2024-08-21,2024-03-07,28,mensal,5,10,21,quarta,27,leg_press,24,100,,
LIFT-00068,2024-10-23,,46,mensal,4,4,23,domingo,59,halteres,5,100,,
LIFT-00069,08/01/2025,06-27-2024,54,mensal,0,5,16,segunda,73,halteres,5,100,,
LIFT-00070,2025-04-14,2024-08-31,5,mensal,0,1,19,quarta,49,supino,41,100,cancelado,OUTLIER idade invalida
LIFT-00071,07-06-2024,,66,anual,3,8,17,terça,35,supino,9,100,procesado,
LIFT-00072,02/02/2025,04-04-2025,19,mensal,2,11,5,domingo,69,leg_press,8,100,procesado,
LIFT-00073,2024-08-18,,38,mensal,1,1,9,sábado,38,supino,41,100,cancelado,
LIFT-00074,31/10/2024,,52,mensal,4,2,9,quarta,63,supino,5,100,cancelado,
LIFT-00075,2024-11-15,,18,mensal,0,6,11,quinta,53,leg_press,5,100,ativo,
LIFT-00076,data_invalida,06-14-2024,50,anual,4,5,12,terça,56,halteres,24,100,,
LIFT-00077,2025-01-14,,61,mensal,5,12,16,segunda,76,halteres,22,100,procesado,
LIFT-00078,2024-09-24,2025-04-08,37,anual,1,10,10,domingo,59,esteira,21,100,ativo,
LIFT-00079,2024-12-19,,16,anual,4,5,10,sexta,22,leg_press,29,100,ativo,
LIFT-00080,2025-01-04,08-11-2024,,mensal,2,3,10,segunda,63,crossfit,22,100,procesado,
LIFT-00081,02/06/2024,,18,mensal,4,5,18,segunda,57,NA,31,100,ativo,
LIFT-00082,08-15-2024,2024-04-17,47,anual,2,7,11,quinta,73,supino,15,100,procesado,
LIFT-00083,03-30-2024,2024-02-25,49,anual,4,5,13,quinta,18,NA,5,100,cancelado,
LIFT-00084,2024-09-11,2024-01-19,62,mensal,0,3,10,segunda,26,supino,47,100,cancelado,
LIFT-00085,2024-06-17,,23,mensal,4,9,16,quarta,47,crossfit,10,100,ativo,
LIFT-00086,data_invalida,,32,mensal,4,7,7,domingo,92,supino,26,100,procesado,
LIFT-00087,05-19-2024,,63,anual,1,1,5,quinta,48,supino,14,100,,
LIFT-00088,2024-11-05,2024-05-12,34,mensal,2,8,13,terça,42,supino,33,100,,
LIFT-00089,2024-05-17,11-17-2024,20,mensal,6,1,7,sexta,10,,7,100,ativo,
LIFT-00090,2024-01-07,2024-01-21,58,mensal,1,6,7,terça,77,,18,100,ativo,
LIFT-00091,2025-03-27,04-21-2025,31,mensal,6,10,12,terça,55,bike,35,100,ativo,
LIFT-00092,2024-11-03,2024-02-08,20,mensal,3,5,17,sexta,58,halteres,20,100,cancelado,
LIFT-00093,2025-05-15,,17,mensal,3,3,22,domingo,39,esteira,10,100,,
LIFT-00094,2024-08-07,,37,mensal,2,1,8,terça,65,halteres,20,100,,
LIFT-00095,2025-01-05,2025-04-22,70,mensal,2,11,10,terça,53,,9,100,,
LIFT-00096,2024-11-14,,44,mensal,8,6,15,quinta,53,supino,5,100,ativo,
LIFT-00097,07-18-2024,,63,mensal,0,5,12,quinta,97,supino,30,100,procesado,
LIFT-00098,2024-05-12,20/11/2024,49,anual,4,3,6,sábado,52,NA,15,100,ativo,
LIFT-00099,2024-01-11,,52,mensal,3,6,11,segunda,78,esteira,5,100,ativo,
LIFT-00100,2024-01-27,,39,mensal,0,2,14,terça,17,leg_press,25,100,ativo,
LIFT-00101,2024-12-06,2024-02-03,55,anual,4,4,15,quinta,69,crossfit,35,100,,
LIFT-00102,2024-10-26,2025-04-30,70,mensal,3,5,23,sábado,34,leg_press,55,100,procesado,
LIFT-00103,2024-12-18,2024-04-26,62,mensal,6,5,17,segunda,75,bike,25,100,cancelado,
LIFT-00104,2025-03-24,2024-01-23,16,mensal,0,5,12,quinta,33,supino,29,100,procesado,
LIFT-00105,2024-05-12,2024-10-24,66,mensal,2,2,15,sexta,60,supino,52,100,cancelado,
LIFT-00106,2024-09-07,,67,mensal,3,3,23,sábado,59,halteres,40,100,ativo,
LIFT-00107,2024-10-24,,,anual,3,5,20,segunda,59,leg_press,27,100,cancelado,
LIFT-00108,2024-04-30,,63,mensal,0,8,6,terça,86,leg_press,25,100,cancelado,
LIFT-00109,2025-02-12,03-29-2025,59,mensal,0,7,22,segunda,79,crossfit,37,100,cancelado,
LIFT-00110,2025-04-11,2024-10-14,22,anual,3,5,10,segunda,12,halteres,17,100,procesado,
LIFT-00111,2025-01-29,,37,mensal,3,9,10,quinta,53,leg_press,28,100,cancelado,
LIFT-00112,2025-05-02,,29,mensal,0,4,9,quinta,32,esteira,15,100,,
LIFT-00113,2024-06-02,2024-01-13,63,mensal,3,7,12,sábado,58,NA,22,100,cancelado,
LIFT-00114,2025-02-07,2025-02-24,59,anual,0,1,20,quarta,37,esteira,30,100,ativo,
LIFT-00115,2024-12-24,,68,mensal,3,1,11,sexta,32,NA,17,100,procesado,
LIFT-00116,2024-07-21,2024-08-25,30,mensal,6,6,9,quinta,49,supino,14,100,procesado,
LIFT-00117,24/04/2025,,46,mensal,3,14,12,sábado,76,halteres,22,100,,
LIFT-00118,06-15-2024,05/02/2025,40,mensal,0,4,18,quinta,47,crossfit,43,100,procesado,
LIFT-00119,29/03/2025,2025-03-20,52,mensal,5,8,15,segunda,83,leg_press,32,100,,
LIFT-00120,2024-03-25,,66,mensal,2,10,12,domingo,60,NA,24,100,procesado,
LIFT-00121,2024-07-15,,32,anual,8,8,14,segunda,42,,5,100,procesado,
LIFT-00122,11/07/2024,,48,mensal,3,2,20,terça,70,halteres,23,100,cancelado,
LIFT-00123,2024-11-03,11/12/2024,27,mensal,3,7,14,quarta,55,NA,5,100,ativo,
LIFT-00124,2024-08-08,,21,mensal,4,13,12,quinta,37,,5,100,procesado,
LIFT-00125,09-16-2024,03-03-2025,49,mensal,1,7,11,sexta,72,supino,30,100,cancelado,
LIFT-00126,2024-10-08,,21,mensal,4,3,13,sexta,52,supino,35,100,ativo,
LIFT-00127,2025-01-27,2024-06-12,68,mensal,4,9,7,domingo,83,halteres,23,100,procesado,
LIFT-00128,2025-02-02,,,anual,1,1,13,domingo,43,supino,15,100,ativo,
LIFT-00129,2024-01-27,2024-07-26,40,mensal,5,8,20,quarta,24,bike,5,100,procesado,
LIFT-00130,2024-11-13,2024-01-24,29,mensal,6,10,13,quarta,56,esteira,10,100,cancelado,
LIFT-00131,2025-02-26,2025-02-16,57,anual,3,2,8,sábado,85,crossfit,21,100,cancelado,
LIFT-00132,2025-02-28,04-05-2024,24,mensal,3,1,17,quarta,71,NA,5,100,procesado,
LIFT-00133,2024-06-30,,57,anual,2,20,22,segunda,67,crossfit,26,100,,
LIFT-00134,2024-08-24,2025-04-09,23,mensal,2,8,6,domingo,65,bike,5,100,ativo,
LIFT-00135,2024-09-21,,58,mensal,4,6,12,quarta,77,leg_press,5,100,,
LIFT-00136,2025-03-22,2024-11-11,36,mensal,0,3,13,segunda,54,supino,30,100,ativo,
LIFT-00137,2025-05-11,2024-01-16,38,mensal,2,15,16,quinta,72,crossfit,29,100,cancelado,
LIFT-00138,2024-07-01,11/11/2024,52,mensal,0,10,19,quinta,83,halteres,20,100,,
LIFT-00139,2024-10-02,2024-01-15,53,mensal,2,15,23,terça,49,supino,44,100,ativo,
LIFT-00140,2025-03-02,,22,anual,1,2,16,quarta,77,NA,25,100,cancelado,
LIFT-00141,2024-12-11,2024-12-05,,mensal,3,10,21,domingo,37,esteira,35,100,,
LIFT-00142,2024-01-05,,28,anual,1,11,18,terça,74,NA,7,100,,
LIFT-00143,26/06/2024,12-31-2024,22,anual,0,1,23,terça,74,supino,22,100,ativo,
LIFT-00144,08-14-2024,,50,anual,5,5,13,sábado,39,halteres,27,100,procesado,
LIFT-00145,2024-09-02,,19,mensal,6,6,13,quinta,68,crossfit,5,100,,
LIFT-00146,2025-03-05,2024-10-19,64,anual,0,6,15,domingo,50,crossfit,45,100,cancelado,
LIFT-00147,2025-01-10,2025-04-08,27,mensal,3,1,5,terça,51,supino,8,100,ativo,
LIFT-00148,25/03/2025,,60,anual,1,1,21,domingo,75,bike,43,100,procesado,
LIFT-00149,06-18-2024,,68,mensal,2,6,23,sábado,98,supino,5,100,ativo,
LIFT-00150,2024-10-15,2025-01-16,38,anual,4,4,7,domingo,46,supino,31,100,,
LIFT-00151,2024-02-28,2025-01-22,42,anual,2,6,11,segunda,90,,13,100,procesado,
LIFT-00152,2024-07-02,2024-05-18,33,mensal,0,7,6,sexta,68,leg_press,28,100,procesado,
LIFT-00153,2024-04-11,,17,mensal,2,1,14,quarta,54,supino,30,100,procesado,
LIFT-00154,2025-01-06,data_invalida,32,mensal,2,6,5,terça,53,bike,12,100,cancelado,
LIFT-00155,2024-02-22,2024-11-18,18,anual,4,8,9,terça,42,leg_press,13,100,,
LIFT-00156,2024-06-16,2025-04-01,52,mensal,1,5,22,sexta,54,supino,30,100,ativo,
LIFT-00157,2024-10-15,2024-10-31,69,mensal,5,7,10,domingo,43,NA,5,100,procesado,
LIFT-00158,2024-07-09,,47,anual,3,8,16,sábado,64,halteres,15,100,procesado,
LIFT-00159,2024-01-16,2025-01-29,29,mensal,0,8,19,sexta,72,,53,100,cancelado,
LIFT-00160,2024-02-10,2024-07-20,64,mensal,2,5,8,quarta,84,bike,17,100,cancelado,
LIFT-00161,05-02-2025,16/03/2024,32,mensal,5,10,7,quarta,61,,5,100,procesado,
LIFT-00162,08-28-2024,2024-07-22,70,mensal,5,2,22,segunda,83,NA,33,100,cancelado,
LIFT-00163,2025-01-25,,,anual,2,9,20,quinta,90,esteira,30,100,cancelado,
LIFT-00164,2024-08-01,2024-12-19,41,anual,0,11,12,domingo,47,NA,52,100,ativo,
LIFT-00165,2024-07-23,,16,mensal,3,11,20,terça,51,halteres,21,100,,
LIFT-00166,12-21-2024,2025-03-02,42,mensal,0,7,22,quinta,73,crossfit,27,100,,
LIFT-00167,2024-06-17,,67,mensal,4,1,8,sábado,75,NA,6,100,,
LIFT-00168,data_invalida,,21,anual,6,2,14,domingo,60,bike,9,100,,
LIFT-00169,2025-02-10,,43,mensal,2,6,8,quarta,22,,35,100,ativo,
LIFT-00170,data_invalida,data_invalida,59,mensal,4,9,13,quinta,38,supino,23,100,cancelado,
LIFT-00171,2025-03-12,,65,mensal,3,2,23,sexta,79,supino,21,100,cancelado,
LIFT-00172,2024-07-14,2024-02-21,64,mensal,0,6,11,quarta,34,NA,5,100,ativo,
LIFT-00173,data_invalida,2024-09-01,17,mensal,5,7,21,terça,52,leg_press,5,100,ativo,
LIFT-00174,2024-03-28,13/12/2024,53,mensal,3,11,5,sábado,10,,5,100,ativo,
LIFT-00175,2024-03-27,2024-03-30,63,mensal,5,3,8,terça,52,supino,11,100,,
LIFT-00176,2025-03-08,2024-07-09,63,mensal,4,2,16,sexta,70,bike,19,100,,
LIFT-00177,06/08/2024,,61,mensal,3,1,19,quinta,57,NA,48,100,procesado,
LIFT-00178,2024-09-20,2024-06-25,60,mensal,1,2,18,quinta,59,supino,9,100,ativo,
LIFT-00179,2024-08-31,,31,mensal,3,1,7,sexta,71,halteres,42,100,cancelado,
LIFT-00180,2025-03-03,,38,mensal,5,9,22,sexta,58,halteres,30,100,procesado,
LIFT-00181,2025-03-31,2024-11-21,70,anual,1,1,23,terça,83,supino,38,100,procesado,
LIFT-00182,2024-05-06,,29,mensal,1,9,9,quarta,56,esteira,11,100,,
LIFT-00183,2024-03-01,,44,mensal,4,1,19,domingo,90,bike,5,100,,
LIFT-00184,2024-11-26,2025-02-26,31,anual,5,4,16,segunda,41,bike,28,100,cancelado,
LIFT-00185,08-28-2024,,51,mensal,1,4,9,quarta,69,leg_press,5,100,cancelado,
LIFT-00186,2025-03-19,2024-12-08,17,anual,2,6,17,domingo,63,bike,25,100,ativo,
LIFT-00187,data_invalida,2024-07-28,70,anual,3,3,20,sexta,26,NA,5,100,ativo,
LIFT-00188,2024-03-01,,46,anual,7,3,6,terça,77,NA,11,100,cancelado,
LIFT-00189,2024-09-26,05-26-2024,39,mensal,1,12,12,sábado,37,supino,44,100,ativo,
LIFT-00190,2024-10-18,2024-12-21,55,mensal,1,6,21,quinta,61,NA,25,100,ativo,
LIFT-00191,2025-01-17,,45,anual,1,3,7,quinta,44,leg_press,20,100,cancelado,
LIFT-00192,23/04/2025,,51,mensal,3,9,16,segunda,67,leg_press,18,100,procesado,
LIFT-00193,2025-02-09,2024-12-04,34,anual,2,4,23,quarta,36,crossfit,23,100,cancelado,
LIFT-00194,2025-02-26,03/12/2024,39,mensal,4,7,11,quinta,59,supino,42,100,procesado,
LIFT-00195,2024-07-26,,30,mensal,3,1,7,sábado,62,crossfit,27,100,ativo,
LIFT-00196,10/10/2024,2024-09-06,25,mensal,4,5,15,sexta,59,halteres,15,100,,
LIFT-00197,2025-01-25,,38,mensal,3,1,21,quinta,46,esteira,40,100,,
LIFT-00198,05-21-2024,29/06/2024,55,anual,3,5,11,quinta,73,leg_press,7,100,ativo,
LIFT-00199,2024-09-14,,,mensal,2,5,13,quinta,72,leg_press,30,100,procesado,
LIFT-00200,2024-04-28,02-02-2024,59,mensal,2,1,5,sexta,59,leg_press,10,100,cancelado,
LIFT-00201,2025-01-10,,34,anual,0,8,22,quinta,68,bike,8,100,cancelado,
LIFT-00202,2024-07-30,,67,mensal,7,9,12,quinta,36,NA,24,100,ativo,
LIFT-00203,2025-01-18,,32,mensal,4,1,10,sábado,11,supino,9,100,procesado,
LIFT-00204,2024-01-17,2024-11-01,53,anual,3,7,5,domingo,42,supino,16,100,procesado,
LIFT-00205,20/01/2025,,29,mensal,0,4,18,sexta,81,NA,23,100,procesado,
LIFT-00206,2024-07-28,,62,mensal,3,9,23,terça,39,,33,100,ativo,
LIFT-00207,22/09/2024,,26,mensal,1,12,19,terça,23,halteres,20,100,cancelado,
LIFT-00208,2024-12-26,2025-02-06,68,anual,1,1,12,segunda,35,esteira,5,100,cancelado,
LIFT-00209,2025-02-08,,70,mensal,2,6,19,terça,68,,25,100,cancelado,
LIFT-00210,2025-01-03,,29,anual,4,1,5,segunda,90,crossfit,5,100,procesado,
LIFT-00211,2024-02-17,,33,mensal,3,4,15,segunda,50,bike,18,100,,
LIFT-00212,07/05/2025,,52,anual,4,4,5,terça,52,halteres,17,100,cancelado,
LIFT-00213,2025-01-16,,,mensal,5,2,17,sexta,69,NA,13,100,,
LIFT-00214,2024-03-28,2024-02-02,49,mensal,0,8,11,terça,66,leg_press,33,100,procesado,
LIFT-00215,2024-08-17,2024-01-29,39,anual,0,11,12,sábado,83,,16,100,procesado,
LIFT-00216,2024-06-08,,28,mensal,4,1,22,terça,28,halteres,18,100,,
LIFT-00217,28/06/2024,,29,anual,4,7,12,sábado,81,supino,26,100,cancelado,
LIFT-00218,07-18-2024,,65,mensal,3,1,18,sábado,62,leg_press,5,100,,
LIFT-00219,2025-03-15,,69,mensal,3,10,9,terça,55,,28,100,procesado,
LIFT-00220,2024-06-11,,42,mensal,4,5,19,quarta,35,NA,19,100,cancelado,
LIFT-00221,02/10/2024,,31,mensal,2,10,23,terça,97,halteres,9,100,procesado,
LIFT-00222,2024-12-30,,28,mensal,8,10,19,quinta,78,bike,42,100,ativo,
LIFT-00223,2024-06-22,2025-03-10,57,mensal,5,9,10,sábado,80,leg_press,5,100,procesado,
LIFT-00224,2024-01-15,2024-09-30,69,mensal,0,7,12,terça,42,esteira,45,100,procesado,
LIFT-00225,2025-03-13,,58,mensal,6,5,12,terça,22,crossfit,5,100,procesado,
LIFT-00226,2025-01-25,2025-04-07,59,anual,2,1,6,quinta,84,leg_press,13,100,procesado,
LIFT-00227,2025-04-30,,41,anual,0,5,18,sábado,42,leg_press,5,100,cancelado,
LIFT-00228,2024-02-06,,17,mensal,1,2,19,segunda,52,NA,14,100,procesado,
LIFT-00229,04-21-2025,2024-10-06,61,mensal,2,3,22,quinta,59,crossfit,20,100,,
LIFT-00230,2024-04-09,2025-05-09,29,mensal,4,9,23,terça,86,esteira,12,100,procesado,
LIFT-00231,2024-12-03,,21,mensal,0,1,9,sábado,65,supino,5,100,procesado,
LIFT-00232,2024-05-17,2024-07-02,21,mensal,7,2,22,domingo,57,leg_press,17,100,,
LIFT-00233,04-14-2024,,53,mensal,6,7,21,sábado,71,crossfit,22,100,ativo,
LIFT-00234,2024-12-16,2025-01-28,57,anual,1,9,5,segunda,81,crossfit,5,100,ativo,
LIFT-00235,2024-07-06,2024-10-22,22,mensal,2,6,5,quinta,72,leg_press,30,100,procesado,
LIFT-00236,data_invalida,,36,mensal,5,7,18,sexta,90,,9,100,procesado,
LIFT-00237,2025-04-18,2024-06-09,50,mensal,3,7,6,sexta,82,halteres,43,100,procesado,
LIFT-00238,2024-04-15,02-06-2024,67,anual,5,5,5,segunda,69,supino,19,100,cancelado,
LIFT-00239,18/03/2025,2024-03-29,,mensal,2,6,14,sábado,58,halteres,46,100,ativo,
LIFT-00240,2024-03-29,,48,mensal,4,1,21,sexta,84,,29,100,,
LIFT-00241,2025-05-06,2024-05-11,65,mensal,1,2,8,sexta,38,supino,17,100,procesado,
LIFT-00242,2024-12-17,19/03/2025,34,anual,1,1,19,segunda,64,esteira,19,100,procesado,
LIFT-00243,2025-05-10,,21,mensal,0,5,7,terça,24,bike,14,100,cancelado,
LIFT-00244,04-18-2024,19/12/2024,17,mensal,0,1,22,sexta,53,leg_press,5,100,cancelado,
LIFT-00245,02-11-2024,,67,mensal,6,6,12,sábado,91,NA,10,100,ativo,
LIFT-00246,2025-01-23,21/03/2025,34,mensal,4,8,17,quinta,54,NA,5,100,,
LIFT-00247,2024-01-30,2024-02-20,44,mensal,3,9,7,segunda,52,supino,5,100,ativo,
LIFT-00248,2025-02-10,2024-07-14,63,mensal,1,3,14,terça,57,crossfit,44,100,ativo,
LIFT-00249,2024-12-25,,46,anual,3,1,12,sexta,26,bike,17,100,,
LIFT-00250,04-07-2025,,67,mensal,3,9,22,segunda,89,,17,100,ativo,
LIFT-00251,2024-01-22,05-07-2024,58,mensal,3,5,10,quarta,53,leg_press,5,100,cancelado,
LIFT-00252,2025-04-26,data_invalida,48,mensal,0,6,7,terça,45,esteira,40,100,,
LIFT-00253,18/05/2024,2024-08-20,41,anual,2,4,10,quarta,76,supino,5,100,cancelado,
LIFT-00254,2024-02-16,,32,mensal,0,1,13,domingo,70,bike,11,100,ativo,
LIFT-00255,2024-06-22,,45,mensal,1,5,13,terça,64,supino,5,100,,
LIFT-00256,01/03/2025,,52,mensal,0,5,7,terça,13,leg_press,43,100,ativo,
LIFT-00257,data_invalida,2024-11-09,38,mensal,2,1,20,sexta,25,bike,8,100,cancelado,
LIFT-00258,2024-04-28,,69,anual,2,5,22,terça,88,leg_press,5,100,,
LIFT-00259,2025-05-04,2024-11-29,61,anual,7,5,13,terça,62,bike,40,100,ativo,
LIFT-00260,2024-02-23,2024-07-01,67,mensal,2,10,10,quarta,52,NA,15,100,ativo,
LIFT-00261,2024-10-14,,26,anual,2,10,17,sábado,45,esteira,13,100,,
LIFT-00262,29/11/2024,,24,mensal,5,11,6,sábado,86,,5,100,,
LIFT-00263,2024-11-22,2024-01-21,32,anual,1,1,17,terça,36,crossfit,11,100,,
LIFT-00264,2024-06-22,,25,anual,3,10,5,quinta,110,supino,25,100,procesado,
LIFT-00265,2024-10-15,2025-01-12,70,mensal,5,5,23,sábado,67,esteira,5,100,,
LIFT-00266,2025-02-05,2024-07-15,57,mensal,3,14,23,domingo,64,supino,17,100,cancelado,
LIFT-00267,2025-02-11,,49,mensal,2,2,6,segunda,68,leg_press,48,100,cancelado,
LIFT-00268,2025-02-27,2025-01-26,30,mensal,1,1,15,segunda,52,crossfit,10,100,procesado,
LIFT-00269,2024-04-24,2025-05-09,60,mensal,4,4,10,domingo,51,,22,100,procesado,
LIFT-00270,01-30-2025,,60,mensal,3,4,21,segunda,67,esteira,40,100,cancelado,
LIFT-00271,2024-07-06,2024-06-28,18,anual,3,1,6,sexta,23,NA,7,100,,
LIFT-00272,2024-12-23,,21,mensal,4,8,18,domingo,64,bike,24,100,procesado,
LIFT-00273,2024-03-21,2024-12-30,34,mensal,0,7,16,quarta,52,,32,100,procesado,
LIFT-00274,2024-11-21,2024-02-27,19,mensal,3,4,10,sexta,40,leg_press,26,100,,
LIFT-00275,2024-02-25,04/02/2024,51,mensal,3,6,6,domingo,40,,10,100,ativo,
LIFT-00276,2024-07-20,2025-02-20,40,mensal,1,4,6,sábado,91,supino,41,100,,
LIFT-00277,2024-01-05,2024-12-11,42,mensal,4,1,11,domingo,68,bike,32,100,ativo,
LIFT-00278,2024-06-30,2025-05-13,44,anual,6,1,23,quinta,80,NA,59,100,,
LIFT-00279,2025-02-05,,39,mensal,0,1,10,quinta,92,crossfit,5,100,cancelado,
LIFT-00280,2024-08-06,,38,anual,0,5,11,sábado,58,NA,21,100,ativo,
LIFT-00281,2024-11-14,,59,mensal,3,4,7,terça,69,leg_press,18,100,,
LIFT-00282,2025-04-17,,43,anual,0,3,14,quinta,55,crossfit,19,100,procesado,
LIFT-00283,2024-11-02,,20,mensal,0,2,22,sábado,96,,5,100,ativo,
LIFT-00284,2024-05-07,2025-03-21,58,mensal,2,1,6,segunda,51,supino,5,100,cancelado,
LIFT-00285,2024-03-17,2024-04-12,20,anual,2,12,12,segunda,78,halteres,21,100,,
LIFT-00286,2025-04-12,2024-02-24,64,mensal,6,13,17,terça,57,esteira,15,100,cancelado,
LIFT-00287,2025-02-28,,57,mensal,1,12,20,sexta,62,NA,44,100,cancelado,
LIFT-00288,04-29-2024,2024-07-01,68,anual,3,7,10,terça,42,supino,18,100,cancelado,
LIFT-00289,2025-03-22,2025-03-13,33,anual,3,3,9,quarta,75,crossfit,25,100,procesado,
LIFT-00290,2025-03-21,2025-02-15,36,mensal,10,1,14,terça,55,halteres,15,100,procesado,
LIFT-00291,2024-04-15,,42,mensal,3,2,6,quarta,42,esteira,7,100,cancelado,
LIFT-00292,02-27-2025,2024-04-05,33,mensal,9,1,18,segunda,35,halteres,16,100,ativo,
LIFT-00293,02-11-2024,2025-04-08,35,mensal,1,3,9,sábado,56,crossfit,40,100,procesado,
LIFT-00294,06-10-2024,,,anual,0,8,21,segunda,52,esteira,5,100,,
LIFT-00295,08-25-2024,,39,mensal,4,9,18,quinta,55,halteres,27,100,,
LIFT-00296,2024-11-13,,22,mensal,3,8,8,sexta,76,NA,11,100,cancelado,
LIFT-00297,2024-08-07,,67,anual,1,7,16,domingo,44,,15,100,,
LIFT-00298,2025-02-27,2024-04-17,44,mensal,4,14,9,sábado,58,NA,13,100,,
LIFT-00299,2024-04-26,2024-01-31,42,mensal,5,12,12,sexta,55,supino,26,100,ativo,
LIFT-00300,2024-01-30,19/10/2024,28,mensal,4,8,17,quinta,45,crossfit,47,100,procesado,
LIFT-00301,2024-04-07,,60,anual,7,16,23,sexta,46,halteres,5,100,,
LIFT-00302,05-03-2025,,20,anual,1,11,21,terça,44,esteira,14,100,cancelado,
LIFT-00303,2024-01-05,,60,mensal,1,4,19,terça,70,supino,21,100,ativo,
LIFT-00304,data_invalida,,,anual,4,5,7,quarta,47,supino,6,100,cancelado,
LIFT-00305,2024-07-05,03-15-2025,42,mensal,5,1,5,domingo,56,leg_press,32,100,,
LIFT-00306,2024-04-17,,38,anual,2,5,14,quarta,82,bike,7,100,cancelado,
LIFT-00307,2025-01-31,2024-01-22,28,anual,2,3,10,quarta,34,NA,5,100,cancelado,
LIFT-00308,2024-06-26,2024-08-27,61,mensal,0,7,9,terça,61,crossfit,33,100,cancelado,
LIFT-00309,2024-01-20,05-09-2024,20,mensal,2,7,5,quinta,19,esteira,24,100,cancelado,
LIFT-00310,2024-10-16,2024-03-24,26,mensal,2,10,21,quarta,58,esteira,23,100,cancelado,
LIFT-00311,2024-07-02,2024-07-19,29,mensal,0,2,5,terça,45,supino,44,100,,
LIFT-00312,04/04/2024,06-19-2024,53,anual,0,4,21,terça,57,supino,15,100,,
LIFT-00313,2024-12-19,,21,mensal,0,7,6,sexta,30,supino,23,100,cancelado,
LIFT-00314,23/03/2024,,49,mensal,5,1,11,sexta,65,halteres,36,100,,
LIFT-00315,2025-04-23,,21,mensal,0,3,22,sábado,52,supino,32,100,ativo,
LIFT-00316,2025-04-10,,56,mensal,2,7,8,sexta,58,leg_press,34,100,ativo,
LIFT-00317,2024-12-23,2025-02-15,69,mensal,2,3,16,segunda,99,crossfit,46,100,ativo,
LIFT-00318,2025-04-26,,54,mensal,0,2,23,terça,86,crossfit,5,100,cancelado,
LIFT-00319,2025-04-24,2024-10-28,,mensal,2,2,14,quinta,32,,11,100,,
LIFT-00320,29/05/2024,2024-10-03,59,mensal,6,11,6,domingo,59,NA,16,100,ativo,
LIFT-00321,2024-06-22,,21,mensal,0,10,19,segunda,63,bike,17,100,,
LIFT-00322,2024-10-15,,58,anual,2,8,8,domingo,73,NA,10,100,cancelado,
LIFT-00323,2024-01-21,2024-09-18,48,mensal,3,7,19,terça,80,halteres,7,100,procesado,
LIFT-00324,2024-11-22,,,mensal,2,10,6,segunda,62,supino,12,100,ativo,
LIFT-00325,2024-12-24,,39,mensal,0,1,12,sexta,52,supino,32,100,cancelado,
LIFT-00326,2024-01-01,,30,mensal,5,4,10,quarta,78,crossfit,19,100,cancelado,
LIFT-00327,2024-09-15,2024-01-21,49,mensal,2,6,10,segunda,41,crossfit,5,100,,
LIFT-00328,2024-05-29,data_invalida,59,mensal,5,11,13,quarta,65,leg_press,5,100,cancelado,
LIFT-00329,2024-11-09,2024-03-19,28,mensal,7,11,23,quinta,84,crossfit,40,100,procesado,
LIFT-00330,2025-05-06,,67,mensal,3,4,5,domingo,52,supino,31,100,cancelado,
LIFT-00331,2024-11-30,2025-04-09,36,mensal,1,6,11,terça,28,,5,100,,
LIFT-00332,2024-10-11,,27,anual,5,6,15,quinta,75,esteira,39,100,procesado,
LIFT-00333,2024-11-21,,,mensal,2,4,14,quinta,72,crossfit,22,100,cancelado,
LIFT-00334,2024-03-16,,43,mensal,2,7,17,quarta,28,leg_press,11,100,cancelado,
LIFT-00335,2024-01-13,2024-04-16,60,anual,1,5,5,segunda,67,crossfit,34,100,procesado,
LIFT-00336,2024-02-09,2025-03-25,52,mensal,0,6,17,segunda,59,,5,100,cancelado,
LIFT-00337,data_invalida,,35,anual,4,1,10,sexta,83,leg_press,31,100,cancelado,
LIFT-00338,2024-10-01,,57,anual,1,10,19,sexta,88,bike,23,100,procesado,
LIFT-00339,2024-06-09,,36,mensal,7,5,18,terça,67,esteira,12,100,cancelado,
LIFT-00340,data_invalida,2024-03-26,22,anual,3,9,15,domingo,31,halteres,28,100,,
LIFT-00341,2024-11-29,2025-04-02,42,mensal,4,6,20,terça,71,crossfit,21,100,procesado,
LIFT-00342,data_invalida,,,mensal,3,8,17,segunda,106,NA,25,100,,
LIFT-00343,2025-02-22,,,mensal,3,1,15,segunda,47,supino,26,100,,
LIFT-00344,2024-02-05,,26,mensal,0,1,12,domingo,58,crossfit,37,100,cancelado,
LIFT-00345,2024-10-01,,,mensal,1,5,9,quinta,99,,18,100,procesado,
LIFT-00346,2024-06-24,2024-06-02,48,anual,3,7,22,quinta,50,NA,43,100,ativo,
LIFT-00347,2024-09-12,,67,mensal,5,4,18,quinta,54,crossfit,24,100,cancelado,
LIFT-00348,2024-05-14,2025-05-14,40,anual,3,4,19,quarta,68,esteira,19,100,procesado,
LIFT-00349,2024-10-14,,53,anual,1,9,22,sábado,23,NA,31,100,procesado,
LIFT-00350,2024-05-21,23/06/2024,64,mensal,3,2,7,sábado,96,leg_press,47,100,cancelado,
LIFT-00351,2024-01-16,2024-11-04,48,mensal,0,9,11,sábado,75,halteres,21,100,,
LIFT-00352,2025-03-28,,50,mensal,4,6,13,sábado,40,crossfit,30,100,,
LIFT-00353,2024-06-28,,35,mensal,0,11,10,domingo,74,esteira,21,100,,
LIFT-00354,data_invalida,2024-03-27,38,mensal,2,10,22,sábado,60,supino,26,100,cancelado,
LIFT-00355,2024-06-22,,66,mensal,5,12,17,domingo,80,bike,5,100,cancelado,
LIFT-00356,2024-10-29,data_invalida,51,mensal,3,17,19,terça,35,esteira,12,100,cancelado,
LIFT-00357,2024-01-21,12/01/2024,38,mensal,2,1,14,segunda,38,bike,11,100,procesado,
LIFT-00358,2025-05-08,2024-12-10,57,mensal,1,2,10,terça,73,leg_press,27,100,procesado,
LIFT-00359,26/07/2024,,56,mensal,0,1,14,sexta,58,halteres,39,100,,
LIFT-00360,data_invalida,2025-02-08,17,mensal,1,5,13,sexta,62,leg_press,47,100,,
LIFT-00361,04/03/2025,2024-04-10,43,mensal,2,1,5,sexta,48,NA,22,100,ativo,
LIFT-00362,10-02-2024,,63,mensal,3,8,9,quinta,78,esteira,37,100,procesado,
LIFT-00363,2024-08-25,data_invalida,67,mensal,1,10,20,domingo,35,crossfit,23,100,cancelado,
LIFT-00364,2024-02-16,,62,mensal,0,13,6,sexta,81,leg_press,22,100,procesado,
LIFT-00365,2024-04-29,,25,mensal,3,7,20,quinta,33,esteira,19,100,procesado,
LIFT-00366,2024-06-20,,18,mensal,2,8,20,segunda,78,esteira,11,100,,
LIFT-00367,2025-01-07,2024-02-05,58,anual,0,5,14,sexta,65,crossfit,8,100,procesado,
LIFT-00368,2025-05-03,,68,mensal,3,2,22,segunda,10,crossfit,25,100,ativo,
LIFT-00369,2024-08-09,2024-03-11,40,mensal,0,14,9,terça,56,NA,49,100,procesado,
LIFT-00370,13/05/2024,2025-02-26,21,mensal,2,4,20,segunda,55,esteira,9,100,procesado,
LIFT-00371,2024-10-24,2024-09-18,26,mensal,2,1,10,domingo,70,,18,100,ativo,
LIFT-00372,02-24-2025,2024-12-12,53,mensal,0,5,6,quinta,75,halteres,19,100,ativo,
LIFT-00373,25/07/2024,2025-03-14,27,mensal,2,7,15,quinta,35,supino,5,100,cancelado,
LIFT-00374,2024-09-16,2025-04-26,47,mensal,2,6,23,quinta,28,supino,27,100,procesado,
LIFT-00375,2024-03-22,09-03-2024,51,mensal,4,3,15,terça,69,crossfit,61,100,procesado,
LIFT-00376,2024-03-13,2025-01-11,26,mensal,3,4,11,domingo,107,bike,14,100,,
LIFT-00377,2024-01-03,,36,mensal,3,4,9,quinta,31,esteira,8,100,procesado,
LIFT-00378,2024-11-16,2024-01-30,33,mensal,1,8,22,domingo,31,supino,5,100,ativo,
LIFT-00379,2024-03-11,,16,mensal,0,5,11,terça,54,NA,26,100,,
LIFT-00380,2024-06-03,,49,mensal,2,9,10,sexta,74,bike,32,100,,
LIFT-00381,2024-07-14,2024-06-29,30,anual,2,7,21,segunda,59,esteira,14,100,procesado,
LIFT-00382,2024-10-02,2024-10-30,30,mensal,1,4,13,quinta,61,NA,5,100,procesado,
LIFT-00383,2025-04-13,2024-01-30,31,anual,0,2,6,sexta,84,esteira,44,100,cancelado,
LIFT-00384,2024-11-06,2025-01-10,35,anual,4,4,16,domingo,61,halteres,34,100,cancelado,
LIFT-00385,2025-01-02,,58,mensal,3,4,23,domingo,45,leg_press,16,100,,
LIFT-00386,2024-03-08,2024-05-04,47,mensal,0,3,11,quarta,80,esteira,17,100,ativo,
LIFT-00387,06-07-2024,,63,mensal,2,2,7,terça,55,leg_press,29,100,cancelado,
LIFT-00388,2024-10-14,,67,mensal,4,12,13,sábado,34,leg_press,30,100,,
LIFT-00389,2025-04-01,,67,anual,1,1,21,segunda,86,leg_press,17,100,cancelado,
LIFT-00390,2024-04-05,2025-02-12,64,anual,3,9,22,quinta,62,NA,24,100,,
LIFT-00391,08/06/2024,,22,anual,0,8,11,segunda,45,leg_press,15,100,ativo,
LIFT-00392,2024-07-02,,17,mensal,2,8,22,sábado,53,supino,31,100,cancelado,
LIFT-00393,2024-09-17,2024-08-28,66,mensal,0,4,6,terça,70,crossfit,39,100,,
LIFT-00394,2025-04-16,22/12/2024,26,mensal,6,3,7,sábado,50,crossfit,5,100,ativo,
LIFT-00395,2024-02-09,2025-03-17,28,mensal,1,12,9,terça,43,esteira,5,100,cancelado,
LIFT-00396,2025-03-11,2025-03-05,,mensal,2,6,19,quinta,73,esteira,26,100,,
LIFT-00397,2024-10-21,,33,mensal,2,12,9,sábado,60,leg_press,17,100,ativo,
LIFT-00398,data_invalida,,47,mensal,0,6,19,sábado,34,bike,12,100,,
LIFT-00399,2025-04-22,2024-07-13,31,anual,2,3,5,sexta,77,bike,41,100,cancelado,
LIFT-00400,2024-10-28,,64,mensal,5,7,18,quinta,74,NA,40,100,cancelado,
LIFT-00401,2024-04-15,18/03/2025,52,mensal,3,2,23,quarta,52,supino,5,100,ativo,
LIFT-00402,2024-12-08,,47,mensal,4,9,10,terça,30,leg_press,5,100,,
LIFT-00403,2024-10-31,2024-01-16,52,mensal,5,5,18,sábado,10,esteira,10,100,procesado,
LIFT-00404,2024-07-13,01-01-2024,66,mensal,3,8,22,sábado,102,NA,5,100,procesado,
LIFT-00405,16/01/2024,,42,mensal,1,11,6,terça,53,bike,30,100,procesado,
LIFT-00406,09-09-2024,,54,mensal,0,5,16,segunda,68,halteres,6,100,cancelado,
LIFT-00407,2024-09-22,2024-02-09,59,mensal,1,2,8,sábado,61,crossfit,16,100,cancelado,
LIFT-00408,09-11-2024,,53,anual,3,1,19,terça,51,crossfit,24,100,cancelado,
LIFT-00409,2024-02-17,2024-02-14,37,anual,1,9,23,domingo,98,supino,11,100,ativo,
LIFT-00410,2025-03-15,02-16-2024,53,mensal,0,2,10,quinta,42,NA,15,100,ativo,
LIFT-00411,2024-08-02,,49,anual,5,1,8,sábado,39,supino,20,100,ativo,
LIFT-00412,03-02-2025,2024-07-07,68,mensal,4,3,16,quinta,57,,27,100,cancelado,
LIFT-00413,2024-11-16,,23,mensal,0,1,5,quarta,55,esteira,30,100,cancelado,
LIFT-00414,2024-01-15,,30,mensal,0,7,13,terça,65,bike,19,100,cancelado,
LIFT-00415,06-24-2024,,21,mensal,2,8,13,sexta,35,esteira,29,100,ativo,
LIFT-00416,2025-05-15,2024-06-16,40,mensal,3,1,12,domingo,92,NA,25,100,ativo,
LIFT-00417,2024-10-24,2024-07-04,64,mensal,0,14,8,terça,36,NA,15,100,ativo,
LIFT-00418,2025-04-15,,18,mensal,4,5,5,segunda,62,esteira,12,100,ativo,
LIFT-00419,2024-07-22,2024-07-19,21,mensal,1,5,19,quarta,65,halteres,5,100,procesado,
LIFT-00420,2024-10-28,2024-05-17,16,anual,2,8,18,quinta,96,leg_press,17,100,,
LIFT-00421,2024-09-03,,53,mensal,4,1,11,sexta,44,leg_press,22,100,cancelado,
LIFT-00422,2024-03-21,2024-07-23,70,mensal,5,1,18,quinta,51,bike,13,100,procesado,
LIFT-00423,data_invalida,,30,mensal,4,8,19,sábado,46,esteira,25,100,,
LIFT-00424,2024-04-03,2024-04-30,62,mensal,0,8,20,terça,65,crossfit,14,100,,
LIFT-00425,2024-08-23,,35,mensal,2,4,9,quarta,46,leg_press,12,100,,
LIFT-00426,data_invalida,2024-07-10,39,mensal,5,7,21,quarta,91,NA,5,100,procesado,
LIFT-00427,01-09-2025,02-12-2024,38,mensal,6,5,13,domingo,55,leg_press,5,100,,
LIFT-00428,2024-08-07,04-06-2024,,mensal,2,3,12,terça,79,esteira,29,100,ativo,
LIFT-00429,2024-02-14,,33,mensal,0,1,16,sábado,44,halteres,13,100,,
LIFT-00430,2024-10-19,,29,mensal,0,6,7,sábado,76,NA,5,100,cancelado,
LIFT-00431,2024-11-03,2025-01-04,55,anual,4,1,21,terça,53,leg_press,38,100,procesado,
LIFT-00432,data_invalida,,51,anual,3,9,10,terça,70,esteira,9,100,ativo,
LIFT-00433,2024-05-24,,49,mensal,2,1,17,sexta,99,,5,100,cancelado,
LIFT-00434,2024-05-21,2024-11-10,28,mensal,0,8,17,quarta,58,NA,31,100,ativo,
LIFT-00435,2024-08-22,,30,mensal,4,7,22,domingo,55,halteres,10,100,,
LIFT-00436,2024-08-17,,50,mensal,4,10,22,quinta,70,crossfit,13,100,,
LIFT-00437,2024-09-17,,35,mensal,3,8,8,segunda,79,supino,8,100,cancelado,
LIFT-00438,12-12-2024,,41,anual,0,5,20,quinta,58,leg_press,24,100,,
LIFT-00439,23/02/2025,2024-03-23,65,anual,4,7,17,quinta,78,halteres,24,100,ativo,
LIFT-00440,11/01/2024,,64,mensal,0,4,7,segunda,87,crossfit,44,100,cancelado,
LIFT-00441,2025-03-07,,28,anual,1,4,23,segunda,50,esteira,18,100,ativo,
LIFT-00442,2024-07-21,2024-12-29,69,mensal,4,1,10,quarta,56,leg_press,6,100,,
LIFT-00443,2025-03-24,2024-05-10,23,mensal,0,6,13,segunda,60,bike,61,100,ativo,
LIFT-00444,07/07/2024,,,anual,5,1,14,terça,67,leg_press,15,100,cancelado,
LIFT-00445,2024-08-04,,20,mensal,1,1,6,domingo,49,bike,33,100,,
LIFT-00446,2024-06-06,2024-09-04,17,anual,5,4,7,quarta,82,NA,20,100,ativo,
LIFT-00447,20/04/2025,2024-05-29,28,mensal,1,10,18,terça,52,halteres,8,100,procesado,
LIFT-00448,data_invalida,2025-03-12,19,mensal,2,2,11,quarta,53,esteira,8,100,,
LIFT-00449,2025-01-21,07-12-2024,20,anual,1,3,8,sexta,84,halteres,21,100,cancelado,
LIFT-00450,2024-08-18,,27,mensal,3,11,5,domingo,10,leg_press,5,100,ativo,
LIFT-00451,2024-12-05,2025-03-11,42,anual,4,5,19,segunda,92,NA,20,100,cancelado,
LIFT-00452,02-25-2025,14/01/2024,64,mensal,3,9,15,domingo,31,esteira,38,100,procesado,
LIFT-00453,05/09/2024,,27,mensal,7,2,21,terça,50,esteira,23,100,procesado,
LIFT-00454,data_invalida,,51,anual,2,8,12,quinta,46,supino,5,100,ativo,
LIFT-00455,2024-04-17,2024-11-18,32,mensal,3,5,15,terça,29,halteres,30,100,,
LIFT-00456,06-12-2024,2024-10-19,70,anual,2,11,15,quarta,64,,24,100,ativo,
LIFT-00457,2024-09-07,2025-04-16,62,mensal,4,9,15,sábado,60,supino,22,100,,
LIFT-00458,23/11/2024,2024-09-28,47,mensal,2,1,8,sexta,41,bike,5,100,ativo,
LIFT-00459,2024-10-19,,62,anual,4,11,21,sexta,68,halteres,6,100,ativo,
LIFT-00460,2025-03-14,2024-01-14,36,mensal,5,5,5,quarta,77,crossfit,5,100,ativo,
LIFT-00461,2025-05-05,,32,mensal,1,8,23,sábado,51,,24,100,cancelado,
LIFT-00462,04-11-2024,2024-08-23,34,mensal,1,7,14,quinta,81,leg_press,20,100,,
LIFT-00463,2024-02-16,2024-10-04,27,mensal,1,11,17,quarta,60,halteres,41,100,ativo,
LIFT-00464,04/07/2024,,51,mensal,6,10,22,terça,38,supino,33,100,ativo,
LIFT-00465,06-20-2024,,30,mensal,3,7,19,sexta,40,NA,23,100,cancelado,
LIFT-00466,01/06/2024,,28,mensal,5,6,23,quarta,69,supino,17,100,cancelado,
LIFT-00467,2024-05-22,,35,anual,6,15,16,quinta,60,halteres,30,100,procesado,
LIFT-00468,2024-01-21,2025-02-27,29,mensal,0,4,14,sexta,33,halteres,17,100,procesado,
LIFT-00469,2024-04-09,,51,mensal,2,7,21,sábado,43,NA,5,100,procesado,
LIFT-00470,2024-03-09,08/02/2025,61,mensal,4,9,19,sexta,94,halteres,23,100,ativo,
LIFT-00471,2024-03-10,2024-09-19,28,mensal,1,5,5,sábado,66,halteres,31,100,,
LIFT-00472,2024-10-06,,33,mensal,0,3,9,segunda,53,halteres,34,100,cancelado,
LIFT-00473,06/05/2024,,53,mensal,3,7,16,sábado,36,esteira,6,100,,
LIFT-00474,2024-11-27,,61,anual,3,7,11,quinta,74,crossfit,22,100,procesado,
LIFT-00475,2024-09-29,16/04/2024,70,anual,1,1,9,domingo,64,crossfit,7,100,cancelado,
LIFT-00476,05/03/2025,2025-02-23,38,mensal,2,9,23,sexta,50,NA,40,100,procesado,
LIFT-00477,2024-05-13,2025-03-10,65,anual,4,8,8,terça,46,crossfit,16,100,procesado,
LIFT-00478,2025-04-24,2024-02-05,66,anual,2,1,14,sexta,55,crossfit,20,100,procesado,
LIFT-00479,2024-08-09,2024-02-26,40,mensal,2,6,18,sexta,52,supino,36,100,procesado,
LIFT-00480,11-30-2024,,36,mensal,2,7,17,quarta,58,leg_press,30,100,procesado,
LIFT-00481,09-15-2024,,34,anual,3,1,8,sexta,52,bike,6,100,procesado,
LIFT-00482,2024-06-04,2025-01-13,18,anual,1,4,5,segunda,46,bike,14,100,cancelado,
LIFT-00483,2025-01-17,,51,mensal,4,13,17,terça,48,halteres,27,100,,
LIFT-00484,2024-10-03,2024-11-12,45,mensal,2,4,16,sexta,91,leg_press,19,100,procesado,
LIFT-00485,2024-07-01,,64,anual,5,1,14,terça,89,NA,5,100,ativo,
LIFT-00486,2024-07-17,,44,mensal,6,4,14,sábado,38,leg_press,6,100,cancelado,
LIFT-00487,2024-09-27,2024-02-02,55,anual,3,3,7,terça,31,bike,5,100,cancelado,
LIFT-00488,2024-08-08,,64,anual,4,1,21,domingo,50,supino,31,100,procesado,
LIFT-00489,07-07-2024,,35,mensal,1,5,5,quinta,41,leg_press,5,100,cancelado,
LIFT-00490,2024-03-28,,36,mensal,5,1,18,sábado,69,,25,100,,
LIFT-00491,2024-02-11,2025-04-29,23,mensal,2,9,5,terça,58,halteres,19,100,,
LIFT-00492,2024-03-25,,39,mensal,2,4,23,quinta,67,,29,100,ativo,
LIFT-00493,2024-04-18,2024-06-05,18,mensal,5,1,10,segunda,96,NA,7,100,ativo,
LIFT-00494,2024-04-17,2024-06-18,67,mensal,2,5,22,quinta,82,,22,100,ativo,
LIFT-00495,2024-09-06,12-31-2024,17,anual,6,5,21,domingo,66,supino,18,100,ativo,
LIFT-00496,2024-03-30,,43,mensal,3,7,10,quarta,75,NA,14,100,procesado,
LIFT-00497,2025-02-21,2024-12-03,28,mensal,2,1,6,segunda,72,esteira,21,100,ativo,
LIFT-00498,2024-04-28,,64,mensal,3,9,16,domingo,84,crossfit,41,100,procesado,
LIFT-00499,2024-10-16,2025-03-11,68,mensal,1,9,16,sábado,81,halteres,5,100,,
LIFT-00500,2024-08-20,2025-02-06,24,anual,0,2,7,sexta,83,supino,14,100,cancelado,
LIFT-00501,05-12-2025,2024-02-10,27,mensal,6,5,12,domingo,75,bike,29,100,ativo,
LIFT-00502,30/03/2024,2024-09-01,16,mensal,4,8,6,sábado,63,halteres,40,100,ativo,
LIFT-00503,03-12-2024,,29,mensal,0,8,19,sexta,47,esteira,14,100,,
LIFT-00504,2025-01-28,11-19-2024,66,anual,0,2,20,sábado,36,esteira,24,100,cancelado,
LIFT-00505,2025-03-07,,39,anual,5,9,16,sexta,10,NA,21,100,cancelado,
LIFT-00506,2024-08-01,2025-02-23,43,mensal,3,2,15,quarta,66,halteres,47,100,,
LIFT-00507,2025-03-25,data_invalida,38,mensal,2,7,22,quinta,65,leg_press,43,100,cancelado,
LIFT-00508,04-03-2025,,37,anual,2,3,15,domingo,68,NA,18,100,,
LIFT-00509,06/04/2024,,20,mensal,0,1,11,quinta,80,leg_press,19,100,cancelado,
LIFT-00510,2024-07-14,2024-08-08,64,mensal,2,7,7,domingo,10,bike,13,100,,
LIFT-00511,2024-05-31,2024-06-27,68,mensal,2,10,16,quinta,56,supino,8,100,cancelado,
LIFT-00512,08-22-2024,,45,mensal,5,10,19,terça,47,leg_press,30,100,ativo,
LIFT-00513,2024-09-09,,54,mensal,2,1,12,sexta,59,bike,27,100,procesado,
LIFT-00514,2024-02-18,,22,mensal,4,7,20,terça,74,NA,23,100,procesado,
LIFT-00515,2024-11-06,,49,mensal,3,1,23,sábado,28,bike,7,100,procesado,
LIFT-00516,2024-02-25,,60,mensal,3,1,17,sábado,78,leg_press,10,100,ativo,
LIFT-00517,2024-11-03,2024-03-07,35,anual,3,11,5,terça,81,halteres,40,100,cancelado,
LIFT-00518,2024-07-26,,,anual,3,12,10,quarta,78,esteira,13,100,ativo,
LIFT-00519,2025-01-06,2024-01-10,45,mensal,0,4,16,sexta,67,NA,12,100,procesado,
LIFT-00520,2024-03-27,02-15-2025,19,mensal,4,8,20,quinta,39,supino,29,100,ativo,
LIFT-00521,23/01/2024,,38,mensal,3,1,15,sexta,67,halteres,5,100,ativo,
LIFT-00522,2024-03-31,,54,anual,1,7,16,segunda,48,leg_press,5,100,procesado,
LIFT-00523,2024-05-26,,46,mensal,10,5,15,segunda,80,leg_press,18,100,procesado,
LIFT-00524,2024-02-17,2024-10-08,55,anual,4,8,6,sexta,55,bike,19,100,ativo,
LIFT-00525,2024-06-22,,45,anual,1,9,8,quarta,71,bike,5,100,,
LIFT-00526,2024-06-13,2024-05-30,64,mensal,0,5,20,sábado,71,esteira,5,100,ativo,
LIFT-00527,2024-11-26,,44,mensal,4,11,22,terça,57,esteira,44,100,ativo,
LIFT-00528,2024-12-26,12-16-2024,28,mensal,1,5,11,quinta,75,bike,45,100,,
LIFT-00529,2025-03-30,2025-01-10,18,anual,5,2,8,quarta,72,supino,46,100,,
LIFT-00530,data_invalida,,17,mensal,2,3,5,domingo,59,halteres,24,100,cancelado,
LIFT-00531,2025-04-21,2024-12-10,38,anual,6,8,18,sábado,82,supino,5,100,,
LIFT-00532,2025-04-15,2024-09-17,30,mensal,3,3,11,segunda,70,NA,19,100,cancelado,
LIFT-00533,2025-05-08,,31,mensal,2,4,23,quinta,53,supino,23,100,,
LIFT-00534,2025-02-24,,63,anual,0,1,20,segunda,69,NA,20,100,procesado,
LIFT-00535,13/01/2025,,62,mensal,3,1,10,sexta,28,NA,37,100,cancelado,
LIFT-00536,2024-02-05,04-17-2024,19,mensal,3,10,15,quinta,63,,33,100,procesado,
LIFT-00537,2025-05-14,,24,mensal,0,3,8,terça,37,esteira,17,100,,
LIFT-00538,2024-12-10,,22,mensal,1,6,23,domingo,60,crossfit,19,100,cancelado,
LIFT-00539,08-14-2024,2024-06-08,23,mensal,2,1,8,segunda,47,supino,33,100,,
LIFT-00540,2024-12-24,,44,anual,3,5,17,sexta,59,,38,100,,
LIFT-00541,2024-06-16,,25,mensal,5,3,19,quinta,45,crossfit,15,100,procesado,
LIFT-00542,2024-03-23,2024-08-20,62,mensal,5,4,12,segunda,29,NA,20,100,,
LIFT-00543,2025-04-25,,53,mensal,0,2,10,terça,49,esteira,13,100,procesado,
LIFT-00544,data_invalida,10-24-2024,48,anual,2,5,7,sábado,66,supino,26,100,ativo,
LIFT-00545,2024-06-28,2024-05-21,58,anual,4,1,20,segunda,35,NA,22,100,,
LIFT-00546,2024-12-17,,62,anual,1,7,23,segunda,37,esteira,27,100,,
LIFT-00547,23/08/2024,data_invalida,16,anual,2,6,22,segunda,39,halteres,6,100,cancelado,
LIFT-00548,2024-07-12,2025-02-21,37,mensal,0,7,12,quarta,40,NA,34,100,,
LIFT-00549,2025-01-10,2024-02-12,25,anual,2,1,13,terça,43,supino,5,100,cancelado,
LIFT-00550,2024-07-09,16/09/2024,18,mensal,3,11,19,sexta,70,NA,5,100,,
LIFT-00551,2024-08-15,,48,mensal,1,7,6,segunda,58,leg_press,5,100,ativo,
LIFT-00552,data_invalida,2025-04-24,30,mensal,0,11,10,quinta,68,leg_press,13,100,,
LIFT-00553,11/03/2024,2025-04-03,53,mensal,6,17,12,quinta,59,esteira,31,100,,
LIFT-00554,2024-05-25,,18,mensal,1,8,8,sábado,60,leg_press,32,100,procesado,
LIFT-00555,2024-06-17,2024-02-02,38,anual,4,2,17,quarta,30,bike,7,100,ativo,
LIFT-00556,25/01/2024,,58,mensal,5,8,9,quinta,38,supino,13,100,,
LIFT-00557,2025-01-22,,43,anual,1,2,5,domingo,44,crossfit,28,100,cancelado,
LIFT-00558,2024-08-01,,30,mensal,0,1,23,sábado,63,leg_press,5,100,procesado,
LIFT-00559,2025-02-19,,62,mensal,3,3,20,sábado,64,halteres,11,100,procesado,
LIFT-00560,08-08-2024,2024-10-18,20,mensal,0,3,12,quarta,36,,17,100,cancelado,
LIFT-00561,2024-09-29,2025-04-10,37,anual,1,3,7,quinta,41,supino,23,100,ativo,
LIFT-00562,2024-06-16,,25,mensal,0,2,16,domingo,87,NA,11,100,procesado,
LIFT-00563,data_invalida,,70,mensal,6,1,20,sábado,76,NA,39,100,,
LIFT-00564,data_invalida,2024-02-26,23,mensal,5,9,19,quinta,25,supino,43,100,procesado,
LIFT-00565,2024-12-25,,16,anual,1,10,15,sexta,54,supino,23,100,cancelado,
LIFT-00566,data_invalida,2024-05-24,66,mensal,1,3,13,sexta,38,NA,26,100,cancelado,
LIFT-00567,11-23-2024,,64,anual,3,7,17,segunda,27,esteira,9,100,cancelado,
LIFT-00568,data_invalida,2025-04-07,29,anual,2,5,14,quinta,77,esteira,19,100,procesado,
LIFT-00569,2024-01-09,2024-12-03,68,mensal,4,9,17,quarta,70,bike,35,100,,
LIFT-00570,2024-02-16,2024-10-19,40,mensal,1,3,12,sábado,77,supino,33,100,procesado,
LIFT-00571,2024-06-05,,52,mensal,0,8,6,domingo,67,leg_press,14,100,ativo,
LIFT-00572,2024-10-19,,69,anual,0,6,17,quarta,58,bike,5,100,cancelado,
LIFT-00573,data_invalida,,43,mensal,2,15,16,terça,62,NA,30,100,cancelado,
LIFT-00574,2024-05-20,,51,mensal,5,8,7,sábado,69,halteres,13,100,procesado,
LIFT-00575,2025-04-20,2024-09-24,17,mensal,4,4,12,quinta,69,crossfit,31,100,,
LIFT-00576,2024-03-28,2024-04-14,27,mensal,3,5,21,sexta,47,supino,24,100,cancelado,
LIFT-00577,2024-08-10,,52,mensal,3,10,13,segunda,70,bike,24,100,ativo,
LIFT-00578,2025-01-09,2024-09-19,70,anual,0,5,20,quinta,73,supino,5,100,,
LIFT-00579,2025-01-17,07-01-2024,28,mensal,3,6,23,terça,61,halteres,5,100,ativo,
LIFT-00580,2025-01-25,,,anual,4,13,20,quarta,62,crossfit,26,100,,
LIFT-00581,2024-06-11,04-14-2024,55,anual,1,1,22,sábado,87,esteira,5,100,cancelado,
LIFT-00582,2024-03-09,2025-04-26,38,mensal,5,1,9,terça,37,,12,100,cancelado,
LIFT-00583,2024-01-29,,30,mensal,3,6,9,quarta,42,NA,5,100,ativo,
LIFT-00584,2024-04-28,,26,mensal,2,6,9,domingo,89,leg_press,5,100,,
LIFT-00585,2024-07-16,25/06/2024,46,mensal,4,5,11,domingo,78,leg_press,41,100,cancelado,
LIFT-00586,2024-08-23,,60,mensal,4,1,8,quinta,56,halteres,7,100,,
LIFT-00587,12/03/2024,2025-01-23,42,mensal,3,6,9,quinta,69,NA,36,100,ativo,
LIFT-00588,2024-05-23,,53,mensal,3,1,19,quarta,47,halteres,23,100,procesado,
LIFT-00589,2024-05-13,2024-04-02,25,mensal,3,5,18,segunda,86,supino,27,100,cancelado,
LIFT-00590,2024-08-10,17/01/2024,51,anual,3,8,8,domingo,67,bike,48,100,,
LIFT-00591,2025-04-06,2024-10-27,,anual,1,4,8,quarta,90,crossfit,30,100,procesado,
LIFT-00592,data_invalida,,49,mensal,0,9,8,quinta,70,esteira,25,100,cancelado,
LIFT-00593,2024-08-07,2025-01-01,52,mensal,3,9,21,segunda,64,NA,5,100,cancelado,
LIFT-00594,10/04/2025,,20,mensal,3,8,22,domingo,77,leg_press,7,100,procesado,
LIFT-00595,2025-04-16,,49,anual,2,14,21,terça,73,esteira,5,100,ativo,
LIFT-00596,18/02/2025,,36,mensal,4,6,10,terça,78,halteres,47,100,cancelado,
LIFT-00597,2024-01-09,,60,mensal,4,1,10,quarta,44,supino,41,100,procesado,
LIFT-00598,2024-09-11,,69,mensal,0,3,14,terça,94,crossfit,26,100,ativo,
LIFT-00599,03-07-2024,2024-04-21,21,mensal,2,3,21,sexta,10,esteira,23,100,cancelado,
LIFT-00600,01/07/2024,2024-02-07,61,mensal,3,7,19,terça,54,bike,35,100,procesado,
LIFT-00601,2025-01-09,,67,mensal,1,8,23,sábado,83,esteira,41,100,,
LIFT-00602,2025-04-16,23/03/2024,50,mensal,6,4,7,quarta,45,leg_press,39,100,procesado,
LIFT-00603,2024-12-13,,53,mensal,3,1,8,segunda,31,NA,34,100,cancelado,
LIFT-00604,2024-06-02,2025-05-11,18,mensal,4,14,6,sábado,59,esteira,9,100,procesado,
LIFT-00605,2024-06-19,12-20-2024,56,anual,3,6,23,sábado,116,supino,5,100,,
LIFT-00606,08-22-2024,,54,anual,1,13,21,quarta,57,halteres,5,100,procesado,
LIFT-00607,2025-01-18,2025-04-23,55,mensal,2,1,19,segunda,91,supino,29,100,cancelado,
LIFT-00608,02/10/2024,,51,anual,1,9,16,domingo,46,supino,30,100,ativo,
LIFT-00609,2025-03-24,,44,mensal,0,13,19,quarta,40,halteres,16,100,,
LIFT-00610,2024-11-12,2025-05-01,24,mensal,1,2,13,quinta,47,esteira,40,100,,
LIFT-00611,2024-07-04,,49,mensal,0,3,16,quarta,89,NA,5,100,procesado,
LIFT-00612,2024-02-03,2025-02-02,68,anual,0,9,7,quarta,96,crossfit,5,100,cancelado,
LIFT-00613,2025-04-03,,62,mensal,3,1,9,sexta,58,bike,35,100,,
LIFT-00614,2025-02-22,,30,mensal,8,5,7,segunda,87,NA,24,100,cancelado,
LIFT-00615,2024-12-25,,20,mensal,3,7,19,sábado,55,crossfit,7,100,cancelado,
LIFT-00616,2025-02-05,2024-04-24,57,anual,2,4,18,sábado,54,esteira,7,100,procesado,
LIFT-00617,2024-04-06,2024-08-12,49,mensal,2,8,14,domingo,81,,11,100,cancelado,
LIFT-00618,22/09/2024,08/02/2025,70,anual,1,7,15,domingo,76,crossfit,5,100,procesado,
LIFT-00619,2024-04-10,2025-04-24,59,anual,0,3,15,sábado,47,halteres,19,100,cancelado,
LIFT-00620,2024-09-24,2024-08-12,24,mensal,6,8,18,domingo,38,bike,28,100,cancelado,
LIFT-00621,2024-01-04,2025-02-22,33,anual,2,8,12,quarta,40,,5,100,procesado,
LIFT-00622,2024-10-08,,21,anual,3,10,10,sexta,55,,35,100,,
LIFT-00623,2024-04-30,2025-01-14,19,anual,3,8,19,domingo,73,supino,22,100,,
LIFT-00624,2024-07-26,,17,mensal,1,1,14,segunda,88,bike,33,100,procesado,
LIFT-00625,2024-12-03,2024-09-27,26,mensal,0,4,10,domingo,65,NA,31,100,,
LIFT-00626,2024-06-06,2025-01-24,46,anual,0,3,18,sexta,75,supino,19,100,cancelado,
LIFT-00627,2025-03-28,,35,anual,2,10,13,sexta,85,bike,49,100,ativo,
LIFT-00628,11-19-2024,,56,mensal,0,4,22,domingo,66,esteira,10,100,ativo,
LIFT-00629,2024-12-04,,17,mensal,5,3,8,quarta,88,bike,30,100,procesado,
LIFT-00630,2024-12-12,,21,mensal,4,13,14,terça,48,bike,39,100,,
LIFT-00631,2024-02-02,2024-08-05,64,mensal,2,1,20,segunda,59,supino,18,100,procesado,
LIFT-00632,2024-02-28,22/02/2024,50,mensal,4,6,13,sábado,51,supino,5,100,ativo,
LIFT-00633,2024-07-20,,16,mensal,2,11,15,terça,75,bike,7,100,,
LIFT-00634,data_invalida,2025-04-03,65,anual,3,4,8,segunda,82,,11,100,cancelado,
LIFT-00635,2024-06-19,19/02/2024,,mensal,5,1,13,quarta,82,halteres,19,100,ativo,
LIFT-00636,2024-04-18,2025-04-16,65,mensal,1,10,16,quarta,69,halteres,18,100,procesado,
LIFT-00637,2025-03-19,2024-06-09,33,mensal,4,4,12,quarta,10,NA,5,100,cancelado,
LIFT-00638,2024-05-01,,47,mensal,3,3,23,quinta,73,supino,21,100,procesado,
LIFT-00639,10-07-2024,,36,mensal,3,6,18,sábado,53,leg_press,6,100,ativo,
LIFT-00640,2024-11-24,2025-02-22,,anual,5,8,21,domingo,45,,21,100,,
LIFT-00641,2025-05-11,,64,mensal,2,5,6,domingo,50,supino,5,100,ativo,
LIFT-00642,2024-04-08,2024-07-20,57,mensal,5,8,15,quarta,72,crossfit,25,100,procesado,
LIFT-00643,2024-10-28,data_invalida,42,mensal,3,8,5,quinta,41,halteres,47,100,cancelado,
LIFT-00644,2025-04-22,2024-01-16,50,mensal,2,8,14,sábado,49,leg_press,10,100,ativo,
LIFT-00645,2025-03-05,2024-10-08,18,mensal,7,12,14,quinta,83,NA,9,100,procesado,
LIFT-00646,data_invalida,2025-05-01,17,anual,3,1,14,terça,58,leg_press,5,100,cancelado,
LIFT-00647,2024-01-26,2025-01-24,18,anual,5,5,20,terça,84,NA,26,100,cancelado,
LIFT-00648,2025-03-24,2025-01-08,49,anual,3,11,22,quarta,64,,17,100,ativo,
LIFT-00649,2024-05-04,,34,mensal,4,13,10,quinta,54,crossfit,32,100,procesado,
LIFT-00650,18/11/2024,,64,anual,7,10,9,segunda,60,supino,16,100,,
LIFT-00651,2024-05-18,2025-02-01,60,mensal,3,2,20,sexta,48,leg_press,18,100,ativo,
LIFT-00652,2025-01-19,2025-02-19,49,anual,0,3,15,quarta,47,esteira,28,100,procesado,
LIFT-00653,2024-04-08,,38,mensal,0,10,17,sábado,42,supino,12,100,cancelado,
LIFT-00654,22/11/2024,,20,mensal,6,5,12,sexta,56,esteira,5,100,cancelado,
LIFT-00655,2024-11-10,21/01/2025,66,anual,3,1,11,segunda,69,crossfit,44,100,procesado,
LIFT-00656,01-18-2024,2024-08-17,36,mensal,2,7,15,quarta,76,crossfit,5,100,,
LIFT-00657,2024-05-19,2024-03-01,43,mensal,4,1,7,quarta,86,,28,100,cancelado,
LIFT-00658,04-15-2025,,23,anual,1,7,23,sexta,79,supino,5,100,ativo,
LIFT-00659,08/11/2024,,,mensal,1,5,23,segunda,100,bike,5,100,,
LIFT-00660,2024-12-05,,57,mensal,2,1,14,quarta,43,NA,24,100,ativo,
LIFT-00661,2024-03-26,2024-03-03,,mensal,1,1,18,terça,46,bike,18,100,ativo,
LIFT-00662,data_invalida,,22,mensal,1,1,19,terça,93,halteres,5,100,,
LIFT-00663,02-10-2024,2024-04-05,34,mensal,2,5,16,quinta,90,,15,100,procesado,
LIFT-00664,2024-05-26,,34,mensal,2,11,13,quinta,57,leg_press,47,100,cancelado,
LIFT-00665,2024-07-05,2024-11-05,41,anual,2,10,19,domingo,47,NA,12,100,,
LIFT-00666,2024-03-16,,33,mensal,0,3,7,quarta,58,bike,31,100,,
LIFT-00667,2024-09-03,data_invalida,29,anual,2,11,12,terça,24,NA,5,100,procesado,
LIFT-00668,2024-06-09,,58,anual,2,6,5,terça,51,NA,15,100,ativo,
LIFT-00669,2024-05-12,2024-10-02,55,mensal,4,13,13,sábado,49,,22,100,,
LIFT-00670,2025-01-19,,67,mensal,4,4,14,sábado,68,bike,5,100,ativo,
LIFT-00671,2024-07-07,,18,mensal,3,5,19,sexta,104,halteres,52,100,,
LIFT-00672,2024-02-08,,68,anual,2,10,22,quarta,41,supino,7,100,procesado,
LIFT-00673,08/05/2024,2024-12-30,19,anual,5,8,19,segunda,25,bike,5,100,,
LIFT-00674,2024-11-26,,23,anual,1,1,16,sexta,65,,18,100,ativo,
LIFT-00675,data_invalida,,23,mensal,4,5,6,sexta,47,esteira,24,100,,
LIFT-00676,2024-10-30,,38,mensal,2,4,13,quarta,38,bike,21,100,,
LIFT-00677,2024-08-11,,23,mensal,8,1,17,segunda,19,bike,5,100,,
LIFT-00678,data_invalida,2025-03-12,39,mensal,2,8,22,quarta,27,supino,5,100,,
LIFT-00679,2024-05-01,2025-02-27,23,mensal,6,9,19,quinta,44,bike,34,100,procesado,
LIFT-00680,2024-11-06,2025-01-23,20,mensal,3,8,12,sexta,41,,32,100,procesado,
LIFT-00681,2024-06-02,2024-10-17,41,anual,5,10,23,quarta,90,,26,100,,
LIFT-00682,2024-09-13,,32,anual,0,1,17,quinta,63,halteres,31,100,,
LIFT-00683,2024-10-07,,55,mensal,2,9,23,sexta,69,leg_press,54,100,cancelado,
LIFT-00684,2025-01-07,2024-03-06,49,mensal,0,12,6,terça,63,leg_press,5,100,,
LIFT-00685,2024-01-20,2024-08-10,61,anual,2,1,20,quarta,76,crossfit,13,100,,
LIFT-00686,2024-12-19,11/05/2024,65,mensal,8,7,23,domingo,67,leg_press,19,100,ativo,
LIFT-00687,2024-10-27,,47,anual,0,1,10,sábado,56,bike,12,100,ativo,
LIFT-00688,2024-12-13,,27,mensal,3,9,21,domingo,63,NA,5,100,ativo,
LIFT-00689,30/09/2024,2024-10-15,30,anual,3,5,11,sexta,55,halteres,37,100,procesado,
LIFT-00690,2024-02-07,2024-07-26,62,mensal,4,4,15,quinta,99,halteres,5,100,,
LIFT-00691,2024-07-16,2024-02-23,51,mensal,4,10,19,segunda,51,supino,28,100,procesado,
LIFT-00692,23/10/2024,,,anual,4,3,19,quarta,76,esteira,48,100,,
LIFT-00693,2024-01-26,,54,mensal,3,2,10,sexta,25,leg_press,22,100,procesado,
LIFT-00694,19/03/2025,2024-07-07,39,anual,1,2,13,quinta,80,crossfit,8,100,cancelado,
LIFT-00695,data_invalida,,64,anual,4,5,17,terça,50,leg_press,9,100,,
LIFT-00696,2024-12-31,2024-02-17,60,mensal,4,4,17,terça,62,bike,38,100,,
LIFT-00697,2024-12-02,2025-02-26,49,mensal,6,6,8,sábado,44,esteira,5,100,procesado,
LIFT-00698,2025-04-21,,37,anual,2,8,14,sábado,69,halteres,5,100,,
LIFT-00699,2024-05-05,2024-12-16,20,mensal,2,6,13,quinta,36,NA,20,100,procesado,
LIFT-00700,2024-02-01,,64,anual,3,1,18,terça,82,bike,36,100,cancelado,
LIFT-00701,12/11/2024,2024-03-01,63,mensal,5,5,19,domingo,64,NA,30,100,cancelado,
LIFT-00702,2024-07-06,2024-07-15,65,mensal,4,6,21,domingo,79,halteres,55,100,,
LIFT-00703,07/02/2025,03-10-2024,68,mensal,5,1,22,quarta,21,bike,5,100,ativo,
LIFT-00704,2024-08-02,,33,mensal,4,8,13,domingo,58,esteira,11,100,,
LIFT-00705,2024-11-03,,63,anual,0,5,14,terça,28,,33,100,,
LIFT-00706,2024-03-26,12/02/2025,50,anual,1,3,14,domingo,89,leg_press,5,100,cancelado,
LIFT-00707,2025-01-16,,35,mensal,5,8,15,terça,37,bike,27,100,ativo,
LIFT-00708,2024-08-12,2025-04-30,43,anual,4,6,17,terça,116,esteira,32,100,procesado,
LIFT-00709,25/10/2024,2024-02-06,37,mensal,2,4,23,quarta,33,,20,100,,
LIFT-00710,2024-12-11,2024-04-04,50,mensal,4,4,13,quinta,67,supino,24,100,cancelado,
LIFT-00711,07-12-2024,21/03/2025,,mensal,0,4,11,sábado,63,supino,12,100,,
LIFT-00712,2025-03-14,01/06/2024,24,mensal,3,4,19,quarta,60,halteres,7,100,cancelado,
LIFT-00713,01/02/2024,2024-09-18,35,anual,3,1,8,quarta,13,crossfit,5,100,cancelado,
LIFT-00714,2025-03-21,,36,mensal,6,4,21,sábado,87,NA,11,100,cancelado,
LIFT-00715,data_invalida,,34,mensal,4,18,23,quarta,75,NA,5,100,procesado,
LIFT-00716,2025-03-10,,45,anual,3,3,7,quinta,34,bike,6,100,procesado,
LIFT-00717,2024-01-16,05/10/2024,,mensal,1,11,21,terça,57,,15,100,procesado,
LIFT-00718,2024-03-29,,24,anual,0,14,12,domingo,62,crossfit,17,100,cancelado,
LIFT-00719,02-08-2024,,27,mensal,1,8,19,terça,100,,5,100,ativo,
LIFT-00720,2024-03-13,,33,mensal,6,2,18,quarta,93,halteres,5,100,cancelado,
LIFT-00721,2025-01-09,,65,mensal,3,7,22,sexta,36,halteres,5,100,,
LIFT-00722,13/12/2024,2024-01-28,64,mensal,6,3,15,quarta,102,,44,100,,
LIFT-00723,2024-11-26,11/04/2024,30,mensal,2,5,19,sábado,76,NA,19,100,procesado,
LIFT-00724,2024-02-12,,55,anual,1,8,12,domingo,86,NA,5,100,cancelado,
LIFT-00725,2024-08-07,2025-04-23,42,mensal,2,5,19,terça,24,supino,55,100,procesado,
LIFT-00726,2024-05-25,2025-01-10,27,mensal,4,8,11,quinta,39,leg_press,18,100,cancelado,
LIFT-00727,2024-08-25,2024-05-04,17,mensal,4,12,10,sexta,87,supino,38,100,procesado,
LIFT-00728,2024-07-08,15/01/2024,16,mensal,0,4,19,segunda,78,halteres,18,100,procesado,
LIFT-00729,2024-05-23,,59,mensal,4,8,20,domingo,95,crossfit,44,100,,
LIFT-00730,25/02/2025,2024-06-21,55,mensal,3,3,16,domingo,52,,30,100,cancelado,
LIFT-00731,15/05/2025,2024-04-04,69,anual,1,1,13,quarta,49,leg_press,16,100,procesado,
LIFT-00732,2024-07-13,2025-05-03,54,mensal,2,8,10,sábado,76,crossfit,33,100,cancelado,
LIFT-00733,22/12/2024,2024-07-22,36,mensal,1,6,7,quinta,52,supino,6,100,cancelado,
LIFT-00734,03-23-2024,03-07-2024,50,anual,1,6,10,sábado,89,,29,100,cancelado,
LIFT-00735,20/12/2024,,61,mensal,7,3,8,quarta,45,bike,12,100,,
LIFT-00736,09-29-2024,,29,mensal,2,14,15,terça,59,bike,55,100,procesado,
LIFT-00737,11/06/2024,2024-12-10,58,mensal,5,5,5,quinta,30,esteira,22,100,,
LIFT-00738,2024-04-13,,51,anual,0,1,19,segunda,43,bike,5,100,ativo,
LIFT-00739,2024-09-04,2024-07-09,36,mensal,3,5,11,domingo,36,supino,17,100,,
LIFT-00740,02-22-2024,,46,mensal,6,4,17,quarta,44,halteres,10,100,cancelado,
LIFT-00741,data_invalida,,35,mensal,1,6,8,domingo,80,bike,7,100,,
LIFT-00742,06-12-2024,2024-10-23,24,mensal,5,7,19,domingo,46,esteira,12,100,procesado,
LIFT-00743,2024-06-15,,,mensal,6,8,23,terça,60,leg_press,43,100,ativo,
LIFT-00744,2024-01-13,,50,anual,0,1,23,quarta,44,halteres,34,100,ativo,
LIFT-00745,2024-06-11,01-07-2024,68,mensal,2,3,20,segunda,25,esteira,37,100,cancelado,
LIFT-00746,data_invalida,2025-02-12,19,mensal,3,4,20,segunda,75,crossfit,43,100,cancelado,
LIFT-00747,05-27-2024,,26,mensal,2,9,12,terça,45,halteres,5,100,ativo,
LIFT-00748,2024-06-30,2024-02-17,16,mensal,0,6,5,sexta,70,leg_press,11,100,,
LIFT-00749,2024-04-12,,57,mensal,3,6,20,quinta,75,leg_press,5,100,cancelado,
LIFT-00750,2024-12-09,2025-05-13,41,mensal,4,10,18,terça,76,bike,5,100,,
LIFT-00751,data_invalida,2024-12-14,68,mensal,2,5,8,quinta,35,leg_press,27,100,,
LIFT-00752,2024-04-17,2025-01-09,45,mensal,4,10,12,quarta,70,esteira,16,100,cancelado,
LIFT-00753,2024-11-26,,68,anual,1,6,20,sexta,78,leg_press,16,100,cancelado,
LIFT-00754,09-19-2024,2025-02-19,43,mensal,2,5,23,quinta,29,halteres,22,100,procesado,
LIFT-00755,2025-05-12,,47,anual,2,5,23,quarta,40,crossfit,5,100,,
LIFT-00756,2024-06-30,2024-09-03,33,mensal,4,6,16,segunda,92,crossfit,23,100,ativo,
LIFT-00757,2024-07-12,2024-08-08,38,mensal,4,6,17,domingo,74,crossfit,5,100,,
LIFT-00758,01-24-2024,,39,anual,0,9,15,domingo,29,crossfit,46,100,procesado,
LIFT-00759,2025-03-18,,46,mensal,4,5,8,sexta,82,esteira,8,100,cancelado,
LIFT-00760,2025-01-17,,56,mensal,5,8,9,quinta,35,supino,13,100,,
LIFT-00761,data_invalida,,44,mensal,0,7,18,domingo,69,esteira,39,100,procesado,
LIFT-00762,2024-07-26,,46,mensal,0,8,6,segunda,74,bike,8,100,procesado,
LIFT-00763,2024-02-02,,51,mensal,2,10,12,sexta,74,halteres,5,100,ativo,
LIFT-00764,data_invalida,,58,mensal,9,1,19,sábado,60,,10,100,cancelado,
LIFT-00765,10/08/2024,26/12/2024,51,mensal,2,1,12,quarta,93,crossfit,31,100,,
LIFT-00766,2025-01-25,2024-12-12,45,anual,5,5,11,segunda,32,supino,52,100,,
LIFT-00767,2025-03-01,,16,anual,4,8,13,segunda,59,supino,5,100,procesado,
LIFT-00768,2024-08-10,,52,mensal,3,3,8,domingo,92,,24,100,cancelado,
LIFT-00769,2024-10-09,2025-03-21,23,mensal,6,8,8,segunda,54,bike,20,100,procesado,
LIFT-00770,2025-03-18,,66,mensal,0,9,6,domingo,58,esteira,21,100,cancelado,
LIFT-00771,2024-01-11,,39,anual,0,4,10,sexta,78,leg_press,5,100,,
LIFT-00772,2024-04-28,2025-01-14,42,mensal,4,7,22,sábado,71,crossfit,27,100,procesado,
LIFT-00773,2024-12-22,2024-01-06,54,anual,3,4,8,domingo,75,NA,5,100,,
LIFT-00774,07/12/2024,08-08-2024,42,anual,4,4,21,sexta,56,NA,25,100,cancelado,
LIFT-00775,2024-01-30,2024-04-02,70,mensal,2,3,20,quinta,85,esteira,44,100,procesado,
LIFT-00776,data_invalida,2024-10-01,58,mensal,2,7,16,quarta,49,esteira,41,100,procesado,
LIFT-00777,2024-03-03,,23,anual,3,10,17,sexta,69,NA,19,100,ativo,
LIFT-00778,29/03/2024,2024-02-22,37,anual,2,3,22,sexta,90,supino,39,100,ativo,
LIFT-00779,2024-12-12,,53,anual,3,4,12,quarta,100,esteira,23,100,cancelado,
LIFT-00780,2024-01-25,,27,mensal,3,9,11,terça,94,halteres,36,100,cancelado,
LIFT-00781,2025-02-23,2024-12-02,70,anual,8,1,9,sexta,38,halteres,24,100,ativo,
LIFT-00782,2024-03-08,2025-03-23,30,mensal,1,3,13,segunda,33,leg_press,26,100,procesado,
LIFT-00783,data_invalida,,25,mensal,3,5,5,quinta,74,bike,5,100,,
LIFT-00784,2024-09-30,,40,mensal,0,6,11,domingo,60,bike,23,100,cancelado,
LIFT-00785,2025-02-21,,68,anual,2,13,18,segunda,54,crossfit,18,100,procesado,
LIFT-00786,2024-02-05,2024-09-20,16,mensal,1,3,13,sábado,10,NA,9,100,,
LIFT-00787,2024-04-17,,44,anual,6,6,17,domingo,70,supino,5,100,procesado,
LIFT-00788,08-25-2024,,39,anual,5,1,15,terça,85,esteira,37,100,cancelado,
LIFT-00789,2024-07-19,,32,mensal,2,4,22,quarta,96,halteres,17,100,procesado,
LIFT-00790,data_invalida,2024-05-09,64,mensal,5,1,12,segunda,54,supino,14,100,cancelado,
LIFT-00791,2024-01-12,,49,mensal,0,5,7,quinta,42,bike,17,100,procesado,
LIFT-00792,11-22-2024,23/02/2024,64,mensal,1,7,5,quinta,68,bike,38,100,cancelado,
LIFT-00793,2024-01-04,,27,anual,0,6,14,sexta,46,supino,13,100,procesado,
LIFT-00794,2024-07-28,,16,mensal,3,6,6,quarta,87,crossfit,6,100,cancelado,
LIFT-00795,06/03/2025,,36,mensal,5,8,5,segunda,48,NA,41,100,ativo,
LIFT-00796,2024-08-21,,27,anual,4,5,15,quarta,76,,12,100,procesado,
LIFT-00797,2025-03-22,2025-01-24,42,mensal,2,4,5,quinta,73,leg_press,19,100,,
LIFT-00798,2025-01-21,2024-01-08,54,mensal,1,6,9,quinta,59,leg_press,43,100,ativo,
LIFT-00799,2025-02-18,2024-12-22,70,mensal,2,9,22,quarta,55,NA,26,100,,
LIFT-00800,04-24-2025,2024-03-15,22,mensal,5,7,13,segunda,57,esteira,22,100,ativo,
LIFT-00801,2024-12-10,,21,mensal,6,10,15,quinta,93,leg_press,42,100,ativo,
LIFT-00802,2024-09-14,09-05-2024,69,mensal,6,2,22,quinta,72,supino,5,100,,
LIFT-00803,2024-01-04,,21,mensal,5,12,16,quarta,76,bike,14,100,,
LIFT-00804,2024-02-28,,52,anual,3,1,19,terça,86,crossfit,37,100,cancelado,
LIFT-00805,2025-01-11,2024-06-04,24,mensal,2,8,20,sexta,69,leg_press,46,100,cancelado,
LIFT-00806,2024-03-29,14/08/2024,28,mensal,0,3,14,sábado,65,crossfit,5,100,procesado,
LIFT-00807,05/12/2024,,34,anual,1,8,10,terça,49,leg_press,28,100,ativo,
LIFT-00808,2025-03-18,2024-10-08,65,anual,0,1,21,sábado,53,supino,34,100,cancelado,
LIFT-00809,2025-01-17,04/04/2025,39,mensal,1,14,13,segunda,55,NA,34,100,,
LIFT-00810,2025-01-08,,38,mensal,4,3,11,quarta,50,esteira,5,100,ativo,
LIFT-00811,12-29-2024,2025-02-24,39,mensal,3,3,13,sábado,74,supino,19,100,ativo,
LIFT-00812,2024-06-01,,30,mensal,4,6,19,segunda,92,,24,100,cancelado,
LIFT-00813,2025-03-30,,20,mensal,4,3,10,segunda,53,NA,39,100,ativo,
LIFT-00814,2025-03-27,,59,mensal,0,9,16,sábado,56,esteira,10,100,procesado,
LIFT-00815,2025-03-28,,70,mensal,2,3,6,sexta,71,bike,20,100,procesado,
LIFT-00816,2025-04-02,,,anual,4,2,11,quinta,62,,14,100,ativo,
LIFT-00817,2025-04-30,2024-07-01,24,mensal,2,10,23,segunda,32,esteira,5,100,cancelado,
LIFT-00818,2024-09-13,04-01-2025,53,mensal,0,6,17,segunda,48,supino,11,100,ativo,
LIFT-00819,02-19-2024,,17,mensal,2,12,18,quinta,61,NA,18,100,ativo,
LIFT-00820,2024-11-14,2024-03-13,52,mensal,6,7,5,terça,54,bike,11,100,ativo,
LIFT-00821,26/09/2024,,16,mensal,1,1,22,segunda,83,bike,22,100,ativo,
LIFT-00822,2024-10-23,,62,mensal,2,3,16,domingo,76,supino,34,100,procesado,
LIFT-00823,05-05-2024,2024-09-18,53,mensal,5,1,15,domingo,50,crossfit,31,100,ativo,
LIFT-00824,02-27-2025,2024-09-17,70,mensal,4,7,22,quinta,68,bike,5,100,,
LIFT-00825,05-28-2024,06-09-2024,36,mensal,6,2,23,quarta,77,crossfit,32,100,cancelado,
LIFT-00826,2025-03-30,,30,mensal,1,6,12,terça,38,crossfit,46,100,,
LIFT-00827,2024-10-23,,22,mensal,2,9,15,terça,64,,17,100,,
LIFT-00828,2024-10-16,,,anual,4,5,5,quarta,49,crossfit,16,100,procesado,
LIFT-00829,data_invalida,2024-03-27,67,mensal,3,9,15,domingo,36,leg_press,28,100,ativo,
LIFT-00830,07-20-2024,2024-11-26,18,anual,2,7,21,quarta,95,crossfit,5,100,procesado,
LIFT-00831,2025-02-21,,32,mensal,4,4,11,sábado,46,supino,10,100,procesado,
LIFT-00832,2024-10-19,,25,anual,5,4,23,sábado,61,esteira,19,100,,
LIFT-00833,2025-01-28,,58,mensal,1,1,5,segunda,77,crossfit,38,100,ativo,
LIFT-00834,2024-01-22,21/04/2024,38,mensal,5,4,10,quinta,74,leg_press,5,100,procesado,
LIFT-00835,2025-05-03,,58,anual,1,1,18,segunda,41,leg_press,30,100,cancelado,
LIFT-00836,07/01/2025,,52,mensal,0,15,6,segunda,95,supino,23,100,ativo,
LIFT-00837,2024-05-13,2025-01-29,38,anual,6,10,21,sexta,73,leg_press,25,100,ativo,
LIFT-00838,2024-08-04,,61,anual,0,4,9,segunda,88,supino,15,100,procesado,
LIFT-00839,2025-05-15,data_invalida,52,mensal,2,5,21,quarta,98,halteres,25,100,procesado,
LIFT-00840,2025-05-09,2024-06-17,41,mensal,2,10,11,sexta,87,esteira,15,100,cancelado,
LIFT-00841,08/03/2024,,65,anual,0,4,9,domingo,44,halteres,54,100,cancelado,
LIFT-00842,2024-10-03,,21,mensal,1,1,8,segunda,72,supino,7,100,procesado,
LIFT-00843,2024-02-11,,23,mensal,3,1,22,terça,53,halteres,13,100,cancelado,
LIFT-00844,2024-07-07,2024-04-11,60,mensal,3,3,23,sexta,64,,32,100,procesado,
LIFT-00845,2024-03-24,21/02/2025,20,anual,5,7,15,segunda,56,halteres,46,100,cancelado,
LIFT-00846,2024-03-01,,,mensal,1,1,15,quinta,41,NA,5,100,cancelado,
LIFT-00847,2024-01-21,08-26-2024,43,mensal,5,9,13,sábado,56,,31,100,cancelado,
LIFT-00848,2025-04-18,2024-04-02,23,mensal,3,8,8,domingo,48,NA,16,100,ativo,
LIFT-00849,2024-11-02,2024-05-29,44,mensal,0,1,22,quarta,49,leg_press,45,100,,
LIFT-00850,2024-11-02,,32,mensal,3,7,23,terça,57,leg_press,23,100,procesado,
LIFT-00851,data_invalida,2024-02-09,41,anual,3,4,5,segunda,46,bike,5,100,cancelado,
LIFT-00852,2024-08-02,,,mensal,1,9,8,quarta,43,bike,20,100,,
LIFT-00853,03-13-2024,,43,mensal,3,6,23,sexta,44,NA,33,100,procesado,
LIFT-00854,2024-02-01,,59,mensal,4,9,20,sexta,53,bike,12,100,cancelado,
LIFT-00855,2024-01-08,,57,mensal,5,13,10,sexta,62,NA,25,100,ativo,
LIFT-00856,23/11/2024,,42,mensal,3,12,22,domingo,70,NA,33,100,cancelado,
LIFT-00857,2025-02-20,,31,mensal,5,5,18,quinta,53,halteres,12,100,cancelado,
LIFT-00858,2024-12-14,2024-04-06,65,mensal,2,6,15,sexta,86,bike,28,100,procesado,
LIFT-00859,2024-08-12,,20,mensal,0,7,11,terça,72,leg_press,20,100,procesado,
LIFT-00860,2024-04-13,2024-12-15,53,anual,4,12,22,terça,40,esteira,10,100,,
LIFT-00861,2024-05-06,2024-01-29,,anual,1,6,13,segunda,108,supino,5,100,procesado,
LIFT-00862,2024-10-11,2025-02-05,58,mensal,1,11,23,domingo,40,leg_press,33,100,procesado,
LIFT-00863,2025-03-17,2024-06-16,26,anual,1,8,11,quinta,47,leg_press,29,100,ativo,
LIFT-00864,2025-03-07,,37,anual,2,5,20,segunda,44,leg_press,13,100,,
LIFT-00865,2024-08-12,,48,mensal,2,3,10,quarta,86,esteira,5,100,procesado,
LIFT-00866,2024-03-21,2024-02-29,38,anual,0,10,18,segunda,55,,5,100,procesado,
LIFT-00867,2024-06-23,2024-06-29,22,mensal,4,5,7,quarta,84,halteres,5,100,cancelado,
LIFT-00868,2024-02-23,2024-01-17,29,mensal,5,8,16,quinta,23,supino,41,100,cancelado,
LIFT-00869,2025-04-26,2024-02-16,27,mensal,0,4,23,sexta,56,bike,5,100,cancelado,
LIFT-00870,2024-01-10,2025-02-27,67,mensal,2,10,8,quinta,76,esteira,13,100,ativo,
LIFT-00871,2025-02-11,2024-12-25,51,mensal,2,6,6,quarta,101,esteira,5,100,,
LIFT-00872,2024-12-20,2025-02-06,36,mensal,2,3,6,sexta,72,leg_press,26,100,ativo,
LIFT-00873,2025-01-26,02-15-2024,44,mensal,1,2,11,segunda,85,NA,18,100,,
LIFT-00874,04-26-2024,,45,mensal,2,12,17,segunda,41,halteres,31,100,ativo,
LIFT-00875,2025-04-20,2024-08-29,38,mensal,4,6,18,terça,57,crossfit,26,100,ativo,
LIFT-00876,2024-07-19,,69,mensal,3,3,17,segunda,107,leg_press,25,100,cancelado,
LIFT-00877,2024-07-05,,28,anual,2,1,14,sábado,76,supino,30,100,cancelado,
LIFT-00878,2024-05-26,2025-01-17,70,mensal,5,6,16,quarta,57,leg_press,35,100,,
LIFT-00879,2025-04-14,,32,mensal,3,8,12,domingo,55,,41,100,ativo,
LIFT-00880,2024-02-21,2025-05-01,49,mensal,5,8,20,terça,78,supino,27,100,ativo,
LIFT-00881,2025-05-03,,45,mensal,2,5,6,terça,93,leg_press,19,100,procesado,
LIFT-00882,2025-01-15,2024-07-24,70,anual,5,8,15,quinta,99,,17,100,,
LIFT-00883,07/12/2024,2024-03-05,65,anual,1,3,9,sábado,19,supino,43,100,ativo,
LIFT-00884,data_invalida,,29,mensal,3,1,19,domingo,62,halteres,22,100,cancelado,
LIFT-00885,2024-11-22,24/01/2024,57,anual,4,4,6,sábado,68,leg_press,27,100,,
LIFT-00886,06-22-2024,06-17-2024,48,mensal,4,3,20,quinta,64,bike,19,100,,
LIFT-00887,2024-11-01,,65,mensal,0,7,11,segunda,34,supino,13,100,,
LIFT-00888,2024-06-20,,21,mensal,4,8,6,quarta,84,leg_press,6,100,procesado,
LIFT-00889,2025-01-10,,55,anual,2,10,12,quarta,59,halteres,6,100,,
LIFT-00890,2024-02-26,2024-09-02,,anual,0,7,14,segunda,41,esteira,29,100,,
LIFT-00891,2024-03-22,2025-04-12,23,mensal,7,6,12,sexta,52,crossfit,17,100,procesado,
LIFT-00892,2025-05-15,,67,mensal,1,7,14,sábado,95,halteres,25,100,cancelado,
LIFT-00893,2024-09-01,,45,mensal,1,9,18,quinta,77,crossfit,18,100,procesado,
LIFT-00894,2024-10-02,28/03/2024,63,mensal,5,7,23,terça,63,NA,51,100,ativo,
LIFT-00895,25/10/2024,,,mensal,2,5,23,domingo,71,bike,5,100,procesado,
LIFT-00896,2024-01-26,13/01/2024,41,mensal,2,2,16,sexta,67,esteira,5,100,ativo,
LIFT-00897,2024-05-18,,45,mensal,1,5,21,domingo,46,bike,34,100,cancelado,
LIFT-00898,2024-07-25,2024-09-24,62,anual,3,7,14,quarta,74,crossfit,22,100,ativo,
LIFT-00899,2024-12-22,,50,mensal,0,9,8,segunda,29,bike,28,100,ativo,
LIFT-00900,02/09/2024,,48,anual,1,1,21,sexta,36,halteres,5,100,,
LIFT-00901,22/04/2025,,37,mensal,4,2,5,terça,101,crossfit,31,100,cancelado,
LIFT-00902,2024-07-06,,38,mensal,1,1,19,terça,49,bike,34,100,cancelado,
LIFT-00903,2024-01-19,2024-09-01,34,mensal,2,1,12,domingo,37,halteres,5,100,ativo,
LIFT-00904,2024-11-14,2024-12-25,43,mensal,5,12,11,terça,88,crossfit,17,100,cancelado,
LIFT-00905,2025-04-21,2024-08-30,52,anual,4,4,20,segunda,68,bike,13,100,procesado,
LIFT-00906,2024-08-03,2024-12-19,41,mensal,8,12,20,sábado,34,NA,38,100,ativo,
LIFT-00907,2025-02-14,2024-11-04,57,mensal,3,5,6,quinta,85,leg_press,5,100,,
LIFT-00908,10-29-2024,,64,mensal,0,12,6,domingo,38,,17,100,ativo,
LIFT-00909,2025-04-07,,61,mensal,4,6,10,quarta,53,supino,5,100,cancelado,
LIFT-00910,2024-11-30,,31,mensal,1,1,5,quinta,102,crossfit,29,100,cancelado,
LIFT-00911,2024-01-30,,18,mensal,2,6,5,terça,67,halteres,9,100,cancelado,
LIFT-00912,2024-06-01,,34,mensal,3,5,6,terça,47,NA,39,100,procesado,
LIFT-00913,2024-10-30,2024-05-28,62,mensal,0,3,7,quarta,38,esteira,12,100,cancelado,
LIFT-00914,2024-10-17,,28,mensal,5,7,12,terça,61,bike,14,100,cancelado,
LIFT-00915,18/07/2024,2024-09-12,57,mensal,3,5,18,terça,56,,51,100,,
LIFT-00916,2025-04-21,2024-02-03,50,mensal,0,9,6,terça,57,NA,18,100,,
LIFT-00917,2024-12-15,2024-04-16,70,mensal,0,7,12,segunda,27,,21,100,ativo,
LIFT-00918,2024-07-06,data_invalida,43,mensal,4,1,15,segunda,45,bike,21,100,procesado,
LIFT-00919,2024-11-04,17/01/2024,43,anual,0,12,22,sábado,69,supino,5,100,ativo,
LIFT-00920,data_invalida,,36,mensal,5,4,10,domingo,76,halteres,22,100,ativo,
LIFT-00921,2025-04-08,,,mensal,4,14,23,sexta,53,halteres,5,100,cancelado,
LIFT-00922,2024-07-30,,30,anual,0,4,12,sábado,60,crossfit,42,100,,
LIFT-00923,2024-02-14,06-03-2024,44,anual,5,1,11,quarta,36,halteres,30,100,cancelado,
LIFT-00924,2025-04-15,2024-09-18,41,anual,3,10,6,sexta,83,leg_press,54,100,ativo,
LIFT-00925,2025-03-30,2024-12-30,54,mensal,4,4,22,sexta,66,crossfit,14,100,,
LIFT-00926,2025-03-09,,36,mensal,3,6,17,segunda,37,NA,18,100,cancelado,
LIFT-00927,2024-12-05,,26,mensal,3,4,7,quarta,55,leg_press,17,100,ativo,
LIFT-00928,22/12/2024,2024-05-18,,mensal,3,8,23,quinta,35,esteira,5,100,procesado,
LIFT-00929,2024-03-22,2025-02-18,49,anual,1,2,13,quinta,90,NA,16,100,,
LIFT-00930,data_invalida,,16,mensal,5,2,17,sábado,33,leg_press,33,100,ativo,
LIFT-00931,2024-08-22,,68,mensal,0,5,18,segunda,69,supino,20,100,,
LIFT-00932,2024-03-11,,25,mensal,1,7,22,domingo,74,NA,5,100,cancelado,
LIFT-00933,2025-05-15,,31,mensal,2,3,5,sexta,59,esteira,43,100,cancelado,
LIFT-00934,2024-08-06,,25,mensal,0,4,11,quinta,73,bike,5,100,ativo,
LIFT-00935,2024-01-29,26/11/2024,29,mensal,5,6,15,terça,36,esteira,9,100,,
LIFT-00936,2024-02-20,2024-03-12,,anual,1,2,9,segunda,63,NA,14,100,,
LIFT-00937,2024-06-03,2024-10-19,65,mensal,4,1,15,sábado,47,esteira,14,100,cancelado,
LIFT-00938,2025-03-08,2025-03-18,32,mensal,1,8,10,terça,60,halteres,46,100,ativo,
LIFT-00939,2024-01-13,2024-09-20,41,mensal,1,3,9,quarta,31,crossfit,30,100,ativo,
LIFT-00940,2024-12-22,,22,mensal,3,12,16,terça,52,esteira,41,100,procesado,
LIFT-00941,2025-03-18,,17,mensal,2,4,16,domingo,61,NA,57,100,procesado,
LIFT-00942,2024-04-30,,41,mensal,3,5,12,sexta,54,NA,32,100,ativo,
LIFT-00943,01-21-2025,,42,anual,4,9,11,quinta,61,supino,9,100,,
LIFT-00944,2024-04-04,2025-02-16,59,mensal,4,5,9,domingo,69,,5,100,ativo,
LIFT-00945,2024-02-05,,55,anual,2,4,22,sexta,92,bike,30,100,cancelado,
LIFT-00946,data_invalida,,33,anual,5,8,13,segunda,75,leg_press,62,100,ativo,
LIFT-00947,2024-09-13,01-05-2024,64,anual,2,12,23,sábado,53,halteres,27,100,cancelado,
LIFT-00948,2025-02-07,,40,anual,4,16,12,sábado,76,crossfit,32,100,cancelado,
LIFT-00949,2024-08-08,,53,mensal,2,7,5,sexta,51,halteres,26,100,procesado,
LIFT-00950,2024-06-28,,54,mensal,1,10,14,domingo,61,halteres,9,100,cancelado,
LIFT-00951,2024-04-13,2024-07-15,53,anual,5,7,7,domingo,47,,5,100,procesado,
LIFT-00952,2024-08-15,,35,anual,2,1,20,quinta,64,halteres,11,100,,
LIFT-00953,2025-01-03,,60,anual,3,8,22,quinta,66,supino,7,100,ativo,
LIFT-00954,21/01/2024,09-14-2024,60,mensal,0,6,17,sexta,71,,29,100,procesado,
LIFT-00955,data_invalida,2024-01-25,29,mensal,0,6,13,sexta,51,,6,100,cancelado,
LIFT-00956,2025-03-09,,22,mensal,0,7,23,quarta,78,,35,100,,
LIFT-00957,2024-07-22,2024-08-06,36,mensal,0,10,20,domingo,44,crossfit,48,100,cancelado,
LIFT-00958,2024-04-25,2024-03-14,57,mensal,4,3,11,sexta,128,halteres,19,100,ativo,
LIFT-00959,2024-12-15,2024-05-04,17,anual,3,8,12,quarta,61,esteira,18,100,ativo,
LIFT-00960,2024-04-13,,,mensal,5,6,6,domingo,53,NA,32,100,ativo,
LIFT-00961,2024-08-15,2024-05-22,62,mensal,7,12,20,sexta,33,bike,23,100,ativo,
LIFT-00962,2025-02-27,,68,mensal,0,14,12,quinta,53,,11,100,procesado,
LIFT-00963,2024-11-03,2024-01-19,23,mensal,0,6,22,domingo,22,leg_press,28,100,,
LIFT-00964,2024-04-08,,34,mensal,4,3,13,quinta,59,halteres,41,100,,
LIFT-00965,2025-03-05,28/09/2024,34,anual,5,3,16,quinta,122,halteres,26,100,,
LIFT-00966,23/04/2025,03-05-2024,51,mensal,6,3,9,segunda,71,halteres,42,100,cancelado,
LIFT-00967,20/05/2024,2024-09-04,24,anual,6,1,8,sexta,70,bike,5,100,ativo,
LIFT-00968,2025-03-24,2024-09-21,41,mensal,3,2,10,quarta,60,halteres,5,100,cancelado,
LIFT-00969,03-15-2025,,21,mensal,4,6,16,sábado,24,bike,34,100,ativo,
LIFT-00970,data_invalida,2024-01-12,63,anual,2,1,7,domingo,67,halteres,10,100,ativo,
LIFT-00971,2025-01-08,2024-09-11,39,mensal,4,6,18,sábado,50,halteres,5,100,ativo,
LIFT-00972,2024-09-06,26/06/2024,43,anual,0,3,20,sábado,28,crossfit,46,100,procesado,
LIFT-00973,2025-05-09,,67,mensal,2,7,11,terça,70,leg_press,20,100,procesado,
LIFT-00974,2024-08-14,data_invalida,20,mensal,0,8,12,domingo,64,halteres,43,100,cancelado,
LIFT-00975,2025-03-05,2024-01-02,50,mensal,0,6,7,sexta,81,leg_press,5,100,,
LIFT-00976,2024-04-09,,61,mensal,5,1,23,terça,44,esteira,44,100,procesado,
LIFT-00977,2024-08-30,,,mensal,2,7,22,domingo,41,,19,100,cancelado,
LIFT-00978,2024-04-01,2025-04-07,33,mensal,0,5,14,terça,56,leg_press,45,100,procesado,
LIFT-00979,2025-01-22,,23,mensal,4,13,6,quinta,50,esteira,5,100,procesado,
LIFT-00980,2024-09-13,2025-01-19,44,anual,5,6,9,sexta,65,crossfit,5,100,ativo,
LIFT-00981,2024-06-13,,27,mensal,5,7,8,quarta,62,crossfit,21,100,ativo,
LIFT-00982,data_invalida,,34,mensal,4,5,11,sábado,56,NA,5,100,cancelado,
LIFT-00983,2024-11-25,27/09/2024,,mensal,1,7,21,segunda,67,bike,30,100,ativo,
LIFT-00984,2024-03-11,,65,mensal,4,6,14,quarta,65,leg_press,5,100,cancelado,
LIFT-00985,2024-12-28,,68,anual,4,5,23,terça,95,esteira,20,100,ativo,
LIFT-00986,2024-11-09,2025-04-08,22,mensal,2,8,10,terça,36,NA,15,100,cancelado,
LIFT-00987,05/01/2025,11/09/2024,,mensal,0,4,6,quarta,67,,33,100,,
LIFT-00988,2024-08-12,2024-09-16,54,mensal,3,4,22,quarta,55,crossfit,19,100,procesado,
LIFT-00989,22/02/2025,2025-04-25,,mensal,5,8,11,sexta,58,,19,100,procesado,
LIFT-00990,2024-08-05,,55,anual,0,8,17,segunda,78,halteres,10,100,procesado,
LIFT-00991,2024-09-03,2024-06-24,43,mensal,5,4,16,quinta,47,halteres,21,100,,
LIFT-00992,05-23-2024,2024-11-15,24,anual,0,1,19,quarta,67,NA,11,100,cancelado,
LIFT-00993,2025-01-12,,21,anual,1,2,11,segunda,87,halteres,22,100,,
LIFT-00994,data_invalida,,55,mensal,0,9,10,domingo,27,halteres,20,100,procesado,
LIFT-00995,2025-04-11,2024-11-27,54,mensal,1,1,14,segunda,63,halteres,5,100,cancelado,
LIFT-00996,07/11/2024,data_invalida,,anual,0,2,20,quarta,91,esteira,13,100,procesado,
LIFT-00997,08/08/2024,,19,anual,5,12,13,segunda,47,,22,100,,
LIFT-00998,2024-02-24,2024-11-14,43,mensal,3,1,16,quinta,57,NA,28,100,procesado,
LIFT-00999,2024-02-04,,30,anual,4,13,5,quinta,60,esteira,5,100,ativo,
LIFT-00000,2025-05-09,09-20-2024,66,mensal,1,8,10,sábado,56,leg_press,10,100,procesado,
LIFT-00001,2024-08-22,,17,mensal,4,1,8,quinta,60,halteres,28,100,cancelado,
LIFT-00002,2025-05-15,,25,mensal,5,1,12,terça,48,halteres,11,100,,
LIFT-00003,2024-10-25,2024-03-12,18,mensal,0,1,7,terça,70,esteira,23,100,,
LIFT-00004,2025-05-12,,52,mensal,0,6,22,quinta,44,bike,31,100,,
LIFT-00005,2024-10-30,2024-03-13,49,mensal,1,2,19,quinta,46,halteres,39,100,procesado,
LIFT-00006,2024-02-28,2024-02-23,46,mensal,0,9,21,sexta,72,NA,11,100,,
LIFT-00007,data_invalida,,70,mensal,0,14,18,quarta,39,esteira,44,100,cancelado,
LIFT-00008,2024-01-11,2024-12-19,66,mensal,4,3,16,quarta,81,bike,18,100,,
LIFT-00009,05-14-2025,2025-03-26,69,mensal,6,2,11,quarta,66,NA,27,100,,
LIFT-00010,2024-12-12,2024-01-21,64,mensal,0,4,22,terça,76,bike,5,100,cancelado,
LIFT-00011,25/01/2025,03-23-2024,26,mensal,5,7,19,quarta,95,,20,100,cancelado,
LIFT-00012,2024-12-26,,34,mensal,0,6,5,quinta,73,bike,32,100,cancelado,
LIFT-00013,2024-06-06,2024-06-03,57,mensal,0,9,5,sexta,54,supino,5,100,procesado,
LIFT-00014,2024-05-12,,40,mensal,3,4,10,domingo,40,bike,21,100,ativo,
LIFT-00015,2024-12-21,,52,mensal,4,1,16,domingo,68,esteira,19,100,,
LIFT-00016,2024-05-06,,46,mensal,1,3,11,segunda,88,supino,6,100,,
LIFT-00017,26/12/2024,,25,anual,3,1,11,quinta,65,leg_press,20,100,,
LIFT-00018,2024-08-23,,53,mensal,1,4,6,terça,72,,36,100,ativo,
LIFT-00019,2025-02-14,,16,mensal,2,11,23,sábado,68,leg_press,55,100,procesado,
